total_assets,daily_return
100000.0,0.0
100000.0,0.0
100144.29611462956,0.0014429611462956763
100053.37267135362,-0.0009079243332228845
100435.17305927015,0.003815967195535043
100554.72680128423,0.0011903573058367968
100626.72296887386,0.0007159898880925318
101046.80809729405,0.004174687558394708
101724.81593732092,0.006709839259583795
102757.0998450271,0.01014780806624643
102514.06383314698,-0.0023651505564740694
102990.0723941572,0.004643348855870032
102847.92311448237,-0.001380223126077651
102608.2046334996,-0.002330805267851033
103095.34746629943,0.004747601174193031
103310.73559501424,0.0020892128889250785
103409.01467103847,0.0009512958692840618
103804.44476438618,0.003823942183431823
104382.82728449718,0.00557184734645813
103940.9341112158,-0.004233389579274289
103992.40910037562,0.000495233082134337
103409.56539268004,-0.005604675502160978
103317.71469647936,-0.0008882224371787335
104087.09655906477,0.007446756491329991
107070.63247527364,0.028663840330255083
103311.12854165066,-0.03511237252186012
103005.80135328886,-0.002955414316655278
106222.92247733299,0.03123242654081253
104658.60596247796,-0.014726732030827411
104594.24814429681,-0.0006149309709342966
104543.34778601548,-0.00048664586422680304
101659.00177645247,-0.027589952595231896
101288.15612875264,-0.003647937135122638
101622.30280730226,0.0032989708897934508
101951.53283420533,0.0032397418461118724
102236.34728705803,0.00279362599987458
102167.25148162304,-0.0006758438389918587
102753.46779282033,0.005737810332528569
103455.53199855055,0.006832511065668264
102880.84696257072,-0.005554899045783952
101721.13339135556,-0.011272395255815491
99968.92078726931,-0.017225649633148408
100353.09007334852,0.0038428871998798355
99873.74992555799,-0.004776536003427313
100200.9048135177,0.003275684433632965
99892.41127979272,-0.0030787499803430606
99771.25323280029,-0.0012128853978014954
100063.02973484775,0.0029244546158666606
100044.49680658543,-0.0001852125436480018
99596.62541065097,-0.004476721961032249
98866.9281910067,-0.007326525538748223
98955.63374014093,0.000897221657001966
98970.52127134343,0.00015044652476878733
98391.65013505134,-0.005848924799587729
98493.06270158096,0.0010307029752058493
98595.38082745977,0.001038835863890335
99217.45732058716,0.006309387802010751
99529.7132338074,0.0031471872153637356
98137.22993663145,-0.013990629048682555
99539.13703742008,0.014285170894815992
99548.38151505176,9.287279262037594e-05
99006.2038072376,-0.005446373909476275
99600.21442391037,0.005999731267641437
100318.82957702284,0.0072149960446266466
97453.07235526452,-0.02856649378627416
97854.31653012252,0.004117306567773043
98103.26324543906,0.002544054510256728
97476.13740930619,-0.006392507398697831
97218.35765585877,-0.0026445421443505807
97415.19527226774,0.0020246959643747155
97796.93971874446,0.003918736141828574
97565.97564963569,-0.002361669698182844
98596.76771257297,0.01056507718058294
98776.61543676366,0.0018240732263656435
98333.60712466491,-0.004484951323143572
98232.568887194,-0.0010275046388038246
97842.17820607995,-0.003974147123876514
98246.17122420187,0.004129027230679703
97199.41982158505,-0.010654373494393899
97646.07897420121,0.004595286200638218
97645.63912871938,-4.504486882009058e-06
97647.90723741979,2.3227956933194733e-05
96892.21774894618,-0.00773892149717277
96480.0467985303,-0.004253911820697936
96672.76265618145,0.0019974685341268097
96752.75496509821,0.0008274544630657195
95923.09906571348,-0.008575010599791228
95919.13685351754,-4.130613204258494e-05
95903.13948044062,-0.00016677978557457494
95796.98615018156,-0.0011068806593209828
95785.11473109708,-0.00012392267817144063
95670.50081757862,-0.001196573328123304
95111.5888325164,-0.005842051419046513
94971.64654383554,-0.001471348448686782
95017.50378849143,0.00048285194923649297
94809.68318199398,-0.0021871823423194048
95285.90617848988,0.00502293627098997
95553.56969317865,0.0028090567159783472
94941.16674741455,-0.006409001230728781
94960.29323571404,0.00020145621709465348
94863.66924429876,-0.001017519935152667
94902.30585356693,0.00040728562974581747
94774.92996558781,-0.001342179063337549
94783.08049203554,8.599875991123268e-05
94568.44652850853,-0.0022644754993486785
94729.36042972555,0.0017015601622315216
95018.42681368462,0.003051497261754622
94832.37076095052,-0.0019581049589351943
94729.42985281831,-0.0010855038981541327
94503.64918114246,-0.0023834269036205396
94873.52653077502,0.003913894890170757
94838.77315465471,-0.00036631268375000365
94685.02362246811,-0.0016211674515852024
94778.18127125422,0.000983868886779153
94622.66905792782,-0.0016408018305533352
94722.86808837598,0.0010589326156802874
94576.31015972607,-0.0015472285796200207
94567.17048413336,-9.6638107125178e-05
94628.09546918244,0.0006442509037459382
94709.47484732911,0.0008599917153903337
95227.20631114235,0.005466522379601499
95668.2719863703,0.004631719151634259
95500.45220741704,-0.001754184281463417
96059.57933528995,0.00585470660032629
95022.92901202702,-0.01079174331634923
95579.18789855743,0.005853943804026637
94320.90436232406,-0.013164827656506626
94689.40429283402,0.003906874441050767
94548.43872587755,-0.0014887153215213218
93770.7927354864,-0.008224842217075364
93430.29105494576,-0.003631212562115504
93235.26608625107,-0.002087384792368757
93533.02878845691,0.0031936703213824563
93722.8018618774,0.0020289418174374513
93997.57424705889,0.0029317559838473593
93869.1650950272,-0.0013660900620072168
94361.26307886081,0.005242381599276377
94153.9219511659,-0.00219731191518307
93918.3370021414,-0.0025021257122638863
93880.67072612692,-0.0004010534813199359
94260.88710828125,0.004049996439240721
93655.15043372611,-0.006426172011932249
94279.19921723404,0.006663261770633083
94065.4893248369,-0.002266776703360836
94169.57191761439,0.0011064907387879216
94148.99749673871,-0.00021848268455203456
94011.5063706406,-0.0014603567722839435
93546.00172626259,-0.0049515709549719
93234.89129071496,-0.0033257480790896046
93326.21212670088,0.0009794706115027274
93540.25315119227,0.0022934716797549607
93422.77949102163,-0.0012558621151127181
93164.59680322195,-0.0027635945880254606
92723.16700484158,-0.004738171081368298
92843.44130747487,0.0012971332463980647
92967.50459165036,0.001336263309808007
93028.60981658314,0.0006572750898410786
93187.19781020856,0.0017047228152510404
92835.44546519,-0.003774685292447227
92726.56809864832,-0.0011727995271214326
92737.28484711322,0.00011557365579942518
92629.3968152002,-0.0011633727695487444
92271.05003074383,-0.003868607556317013
92247.4254342578,-0.0002560347636464245
92438.77573195571,0.0020743158608180347
92648.94125739399,0.0022735645704319257
92711.00800818761,0.0006699132224423374
92674.12778449232,-0.00039779767783372066
92406.19734380745,-0.0028911029117848906
92668.02880677966,0.002833483797607712
92740.03646338933,0.0007770496204231964
92254.24605454117,-0.005238195146062251
92347.59328092202,0.0010118474799052754
91928.81864892518,-0.0045347649799916895
92026.90051856796,0.0010669327756441765
91762.43347039988,-0.0028738015371355826
91338.60978975064,-0.004618705766842473
91149.79967010688,-0.002067144661807107
91030.16523880397,-0.0013125035023214104
91115.76428977647,0.0009403372030353927
91298.77787521332,0.002008583112520574
91148.03577333693,-0.0016510856485112638
91524.99670648588,0.004135700017566502
91243.36922502976,-0.0030770553574482
91108.36647650624,-0.0014795896915049097
90824.99646088392,-0.0031102524014125325
90625.87685960587,-0.002192343617253175
90648.75665348588,0.00025246424832347684
90541.7894537352,-0.0011800183885541785
90533.23003450737,-9.453556506302608e-05
90656.66068945407,0.001363374032934168
90661.1200141099,4.9189156338960325e-05
90576.32752124779,-0.0009352685346144412
90546.97295249149,-0.0003240865418110535
90596.98075334835,0.0005522857277969406
90834.38113005989,0.0026204005336322124
92515.13504516294,0.01850349938198503
92265.78069920007,-0.0026952816513875185
92526.45804543323,0.002825287384528849
91949.65362912018,-0.006233940307429019
91068.69349419749,-0.009580896720677783
91100.29696922652,0.0003470289713890095
91573.4616714859,0.005193887594232813
91705.64887821613,0.00144350998987503
93022.21262491593,0.014356408387101486
92649.67072276515,-0.0040048703598670925
93631.03654609188,0.010592221382667036
93364.7197788736,-0.0028443214669228475
92502.1787709516,-0.009238404077737792
93663.07719267935,0.012549957602645205
92478.06340583779,-0.012651877584630416
91773.62946054837,-0.007617308574013162
91579.35123040585,-0.0021169287003739504
91628.53769406253,0.0005370912000994092
91969.23792640875,0.003718276433525272
92560.52336370591,0.006429165345159168
93335.09403846788,0.008368261615358124
93590.30225327112,0.0027343221478734222
93068.76976562431,-0.005572505645247932
91598.77866534573,-0.015794676388013535
92016.64729307865,0.004561945408241673
91073.0812054502,-0.010254297623158805
91644.57516160174,0.0062751138820296235
92403.93110620299,0.008285879914465678
92304.6489323746,-0.0010744366894333635
91036.00826370191,-0.013744060384240853
90990.35657165427,-0.0005014685168905832
90479.8690345856,-0.005610347692908123
90504.53323077467,0.00027259319064262534
89289.17981342717,-0.01342864687505222
88807.68979656309,-0.005392478885685377
88798.56734709081,-0.00010272139150545155
90282.39050781449,0.016709989868685535
89774.66294622738,-0.005623771797925028
86746.35906698473,-0.03373227790402864
87653.92390635758,0.01046228163503709
86862.54453440875,-0.009028453452857218
87101.611869711,0.0027522488154552243
87143.80051352603,0.0004843612294813823
87259.93409584316,0.0013326660259567497
87187.54835828985,-0.0008295415106983232
87730.85526744969,0.006231473638037926
87974.977095512,0.002782622229295411
88426.65157739412,0.005134124461228911
89831.59394691652,0.01588822311441635
90795.53272980801,0.010730509618487928
92959.4807824888,0.02383319958174947
94430.43310291757,0.015823585803696364
91453.23511327626,-0.03152795017255224
88644.26262327158,-0.030714851000354565
88744.3954026162,0.0011296024850492915
89081.92329763925,0.003803371395925998
88672.88042115052,-0.0045917607225659214
88742.91697038373,0.0007898305423323352
88984.03337271993,0.002717021375538968
89657.13771620601,0.007564327194146038
89920.38434543683,0.002936148040595472
89315.91339506766,-0.0067222905547984985
89690.11190955786,0.004189606311643737
89325.54338634099,-0.004064757144962633
89647.30483020513,0.003602121315652043
90460.10452134018,0.00906663834093525
90234.60663846746,-0.0024927882193582734
91704.73532078047,0.01629229335706199
91570.95820336904,-0.001458780911841476
91811.37014450134,0.002625416899082478
91709.57478660355,-0.0011087445676670289
92216.01866358737,0.005522257388743292
91161.26560764443,-0.011437850725162775
91459.93348517534,0.003276258568155231
91996.4652926974,0.0058663043704161155
92080.93628134666,0.0009181981979471735
92169.4621103475,0.0009613914950902702
91964.43914474167,-0.0022244131723408154
92510.78315130254,0.005940818121023933
92503.3333676956,-8.052881354124298e-05
92124.04508047226,-0.004100266157065725
91870.37437679755,-0.002753577564392922
92209.12772116989,0.0036872968753015522
92365.43198389407,0.001695106185114749
92874.41856031449,0.005510574307812096
92746.52492896286,-0.001377059833419847
93161.62238231426,0.0044756119290651365
93188.93032376475,0.0002931243655076845
93461.81152765552,0.0029282577119695763
93297.67882790932,-0.0017561472120367703
93505.27332875338,0.0022250768020389755
94096.64363572265,0.006324459422626106
93760.35016140982,-0.003573915724504675
93748.9026970653,-0.0001220928070853898
93983.02437988714,0.0024973271802269095
94195.4556632786,0.0022603154643417544
94378.61302444158,0.001944439462320905
94377.79631934543,-8.653497545407237e-06
94497.15508013072,0.0012646911184638877
94762.01420825654,0.0028028264755826163
95178.16702349798,0.004391557299814993
94536.43511762949,-0.006742427658961607
93614.92863597938,-0.009747633073994141
93341.77128919412,-0.002917882337414646
93062.31758796344,-0.0029938761325289252
92957.4927017183,-0.0011263945382195108
93054.12045207208,0.0010394831825320545
92843.27314764769,-0.002265856722948556
92452.91029635264,-0.004204535644432365
92214.78517097922,-0.002575636879467943
92402.56754170348,0.0020363585988525
92626.306419405,0.002421349142712193
92306.92140331658,-0.003448102687397125
92119.95255671543,-0.002025512754176058
92222.87567352196,0.001117272794329375
91866.32379844305,-0.0038661977570635313
91391.92700607334,-0.005163990162603456
90736.78635444319,-0.0071684739899029
90546.7419246447,-0.0020944584598371068
90638.0234152224,0.001008114578585988
91033.84851319916,0.004367097638079026
90777.6989088079,-0.002813784197579303
90832.8426883081,0.0006074595430711569
90716.08740163017,-0.0012853862460143104
90657.11627382562,-0.0006500625136471948
91088.32410114542,0.004756469707434222
91305.36745336773,0.0023827790703592616
90954.11570868819,-0.0038469999571376064
91262.10801893937,0.0033862383010532346
91774.19664925593,0.0056111856435562876
91466.10076219878,-0.0033571079704967123
91231.61742705245,-0.0025636091753376343
91105.84079337426,-0.0013786518010465514
91094.19127813863,-0.00012786792958798915
90796.78649440358,-0.003264805138090369
90845.08791002152,0.000531972743560982
90806.05167971752,-0.0004297010570639233
90639.08259645825,-0.0018387440062717008
90492.51592649291,-0.0016170361147396538
90526.08195382367,0.0003709260040690069
90387.05867647172,-0.0015357262167035794
90369.80154148272,-0.0001909248430216642
90919.07557352392,0.006078070579684377
91350.1859922662,0.004741693819727115
91569.10363394392,0.002396466293963139
92186.70344317563,0.006744630936878489
92314.5303663648,0.0013866091140569156
92220.44716503579,-0.001019159182802778
91118.06916118886,-0.011953726507898412
91366.10933051875,0.002722184212344273
91848.59368721172,0.005280780370624761
91655.25277344938,-0.002104995906859078
91658.46008378535,3.4993197213569804e-05
91894.77843242587,0.0025782491700655575
91698.62075865372,-0.002134589985614738
91728.74980396009,0.00032856595941245645
91886.02551701348,0.0017145738210704495
91791.57260691067,-0.001027935527424819
91947.22602598945,0.0016957266844675406
92147.12588425273,0.002174071659396935
91480.14447042515,-0.007238222651299876
90276.55012860947,-0.013156891572299533
90055.92437728023,-0.0024438877096536697
89972.43620303592,-0.0009270703157133972
90363.80515698828,0.004349876145058164
90976.22000757832,0.006777214057399467
90418.602188668,-0.006129270031925703
90562.04192787484,0.0015863963358728483
90492.34551347754,-0.0007695985306161505
90627.36387056882,0.0014920417448034218
91086.06673216968,0.005061416795218326
91608.39632330267,0.00573446202994873
92410.65708732046,0.008757502545797944
92261.88406735589,-0.0016099119371480665
92375.52904340909,0.0012317651780256206
92211.32583439686,-0.0017775617710947401
91875.39450483402,-0.003643059315361585
91626.07357449067,-0.0027136855486398874
91552.5593143782,-0.0008023290450474504
91812.34165398835,0.002837521327154803
91455.90873956402,-0.003882189561917595
91052.60049456659,-0.004409865371803544
90938.84204799638,-0.0012493706489689943
90625.63244879761,-0.003444178440643283
90536.8186362177,-0.0009800076444166435
90412.35681081287,-0.001374709508017064
90369.89990258451,-0.0004695918757786367
90583.08616813063,0.0023590406294123553
90838.40991164288,0.0028186690729254255
90868.78809968133,0.00033442007701365976
90635.98925392308,-0.002561923083015846
90416.58412859317,-0.002420728533289788
90397.89713600015,-0.00020667660444279243
90520.65668341606,0.00135799118458736
90642.50564504911,0.00134609012017239
90616.31334615416,-0.0002889626528806897
90714.05029310394,0.0010785800408413659
90172.98519227126,-0.00596451265360173
89918.3847901731,-0.0028234664911589093
89591.44960438891,-0.0036359103485578827
89711.82870146818,0.001343644930524443
90037.48087174281,0.0036299802934381268
90477.93902815715,0.0048919422461604165
91961.40848915935,0.01639592454178847
92374.94558702843,0.004496854764005049
93025.93142321003,0.007047212120609904
91686.84482862987,-0.014394766857943608
91113.24200965576,-0.006256108169565765
92038.45835479864,0.010154576049931849
92874.3433827736,0.00908191035482916
92678.21028959111,-0.002111811357568829
93383.28282411532,0.007607748707285907
93025.38114034732,-0.003832609787793577
91704.87339746131,-0.014195133916127227
92013.20202976742,0.0033621837191765915
91816.54978508742,-0.002137217707263062
91786.82928080359,-0.00032369441406146016
92310.4223011887,0.005704446100684707
92366.03666342245,0.0006024711061585853
92552.82848980822,0.0020222998965131658
92876.78015529753,0.0035001811481642974
92172.22526392534,-0.007585909957193992
91960.63885673543,-0.0022955549416764903
91323.83941452958,-0.006924695718979433
91695.98069321839,0.004074963132020921
92716.08722703002,0.01112487729668913
93103.19558258665,0.004175201598065005
93399.03533690191,0.00317754672612545
93424.71513153694,0.0002749471077768376
93967.79690419177,0.005813041783324616
94108.68835917443,0.001499358925338
94127.13817549351,0.00019604795944745272
93878.30767104457,-0.0026435575251955515
93707.14324130726,-0.001823258577871766
93566.59880607678,-0.001499826271179245
93695.76666126201,0.001380491081576555
93463.8657817326,-0.0024750411656036474
93088.68921914462,-0.00401413486859334
93051.65336324062,-0.0003978555957192086
92714.72752967109,-0.003620847361564822
92509.90415282249,-0.002209178436975484
92505.09258128236,-5.20114206602624e-05
92627.69570264927,0.0013253661819664594
92428.067389786,-0.0021551687251739234
92606.53570658749,0.0019308887640035145
93572.92931624064,0.010435479550979515
92707.20890263043,-0.009251825500561223
92112.37892448128,-0.0064162214048952525
92554.52812298677,0.004800106171049836
92336.24910757401,-0.0023583828888707106
92267.62433726656,-0.0007432050897746223
91340.79894413153,-0.010044968641949637
91134.81099610934,-0.0022551581593695156
91349.36965499319,0.0023542997076386393
91335.77711383229,-0.00014879731751016306
91568.93596803381,0.002552765866446138
91626.58502308153,0.0006295700003311475
91947.07694461338,0.00349780493784746
92166.729341573,0.0023889002702275224
92162.0797602602,-5.044750254261471e-05
91718.00531460189,-0.0048184073841807725
91516.56534799136,-0.002196296854904075
91912.15859683337,0.004322640904821519
92014.39044809638,0.0011122777750379575
92047.76024344069,0.0003626584405090966
91997.91012988654,-0.0005415679145511969
91994.1671507852,-4.0685479659882886e-05
93042.42977941988,0.011394881448478108
93050.01027858454,8.147357267687227e-05
92925.95142374422,-0.0013332492330618419
92957.37273374318,0.00033813277687810833
93217.89553020244,0.0028026049876159562
93382.93028509138,0.0017704192306666868
93542.35414609757,0.001707205594421696
93310.75874087511,-0.0024758346883245394
93151.36238318459,-0.0017082312890967146
93097.1591112066,-0.0005818838349892766
92751.3757918113,-0.003714219882716929
92721.06021016809,-0.0003268477840292763
92745.34298656163,0.00026189062483213094
93041.00146595431,0.0031878525635030495
92788.55494799075,-0.0027132824667191143
92986.4593560794,0.002132853649887827
92864.24024072776,-0.0013143754068926324
93057.71886515134,0.0020834567097306545
93098.70762645121,0.0004404660010983181
93122.33888949768,0.00025383019430598794
93495.299011966,0.004005055359604658
93376.02566027317,-0.0012757149605731005
93672.97393063991,0.0031801339612281287
93313.95795978137,-0.0038326526402841835
93275.47322542041,-0.0004124220556322464
93416.61171665232,0.0015131361584284652
93458.42037519033,0.00044755057767257027
93351.6791251309,-0.0011421255530631677
93073.74290184202,-0.0029773028818939435
93117.07171037627,0.0004655320306603773
93139.56219230317,0.00024152909357865157
93331.82186456105,0.002064210607528226
93222.28077185941,-0.0011736735714920335
94043.56514053179,0.008809957897107003
93813.2665904597,-0.0024488496339751197
93749.48456275798,-0.0006798828142309485
93825.74622947883,0.0008134622507690478
94108.31297293674,0.0030116120021770566
94071.65755029843,-0.00038950249431037563
93736.9552722514,-0.003557950255825607
94080.20838466877,0.00366187605966525
94205.14803825473,0.0013280120838498664
94102.40659291612,-0.0010906139152490552
94233.89599369178,0.0013973011481469874
94106.99822529014,-0.00134662551159023
94343.95624099691,0.0025179638090198535
94479.64986563724,0.0014382863518433988
94655.11267764974,0.0018571492618995847
94873.7836252034,0.0023101863319136304
94542.38326832723,-0.0034930656732881857
94637.61295729029,0.0010072698156209027
94822.85828665919,0.001957417601524864
94947.10770314505,0.0013103319044680158
95122.85701554154,0.0018510233397100663
95131.22488384199,8.796905983468102e-05
95472.62989645946,0.0035887797411872854
95501.82828115324,0.00030582989832195553
95356.6936498804,-0.0015197052651763922
94921.24975661634,-0.004566474324947465
95366.27951902391,0.004688410272185194
95046.3763979042,-0.0033544678762045445
95544.04732056879,0.005236085177841278
94904.6222800596,-0.0066924634076238705
94677.64602909614,-0.002391624828279282
94106.22063455648,-0.006035483754676915
94532.28658614456,0.004527500400240436
94815.02567102517,0.00299092611732124
94586.62575237987,-0.002408900034871743
94241.70444408047,-0.0036466181720276277
94024.5860982272,-0.0023038457032799288
93937.89898022928,-0.0009219622398269442
93742.15671222811,-0.002083741175032792
93905.34270102995,0.001740796185250949
93693.63581581762,-0.002254471142141022
93623.19551203687,-0.0007518152451594375
93364.18303349058,-0.0027665417435252778
92736.22400877267,-0.0067259092760727
95309.59556811083,0.02774936748659018
97863.59794863382,0.02679690712461182
102988.83365686107,0.05237121683301871
100436.86003728925,-0.024779129241083487
96306.95104113093,-0.041119455492983514
97405.27613243167,0.011404421793310233
97593.95940229851,0.0019370949640377532
100890.60962421352,0.03377924455678321
105506.1984460164,0.04574844813600115
102765.20151012427,-0.025979487236426114
103847.03920808862,0.010527276568983075
110898.00866117126,0.06789764548755135
108133.43326024187,-0.02492899046885546
116887.16977517305,0.08095309887982369
114995.16412711992,-0.016186598167209625
118359.33329793686,0.02925487516238558
119172.286775541,0.0068685202505979195
115567.19731344072,-0.030251072289066774
120823.69206586808,0.045484314534086336
115862.74504409241,-0.041059389404117484
109134.446446656,-0.05807128594161912
106679.87024595618,-0.02249130572994292
105671.25647334645,-0.00945458379621486
104589.88496654842,-0.010233355246142982
106098.8982454638,0.014427908390931207
101050.51758677461,-0.04758183866348516
99691.44914071287,-0.013449396188343938
102122.68587639887,0.024387615554212105
104849.39006695797,0.02670027885732741
111591.62724677421,0.06430401908404577
108779.44868969887,-0.02520062325873672
112372.98982228088,0.033035110729719236
112058.19441678452,-0.002801344041786332
113043.77858395879,0.008795288664999651
111042.36750061212,-0.017704743316415233
111160.69575555877,0.0010656135816449305
113760.46801254319,0.0233875133590499
112711.63403965211,-0.009219669989186774
109806.38353550868,-0.02577595941091014
110917.90170142491,0.010122527763213249
111334.63155779734,0.0037571018742693367
111580.10471065037,0.00220482296854402
112166.52205413321,0.005255572622050719
114736.99299517229,0.022916560966368717
114993.45431056022,0.00223521035973747
114529.93417740696,-0.004030839285003497
112379.65501056942,-0.018774822340391465
110386.66720096671,-0.017734418293197836
111741.04094455008,0.012269359859534834
111039.28099160592,-0.006280234612208529
111283.09778288989,0.0021957706237524435
111759.99487912968,0.004285440518291463
111282.6032615488,-0.004271578735281669
111179.3931489265,-0.0009274595453139129
111576.7220207822,0.003573763631930181
112515.23016894245,0.00841132568839433
111013.6228208722,-0.013345814125035124
109462.03675525487,-0.013976537529280578
109112.83495055986,-0.0031901635950350735
109048.28618570598,-0.0005915781116229723
109530.00811506461,0.004417510317753067
109854.07372856305,0.002958692499666301
111042.0892706532,0.010814487817953987
112727.86793665981,0.015181438651588353
113595.6753498129,0.007698250920887713
111423.4952592634,-0.019122031572596107
111710.68697955974,0.0025774790104016753
112485.1314198856,0.00693259043754296
113534.61855077655,0.009330007598723511
114514.66495313362,0.008632137183063406
118089.19325728783,0.031214589900927646
118298.50114321665,0.00177245588826064
117932.88274659688,-0.0030906426800550962
117043.62742942378,-0.0075403508882577585
112904.68260066072,-0.035362410749434435
112946.13867152482,0.00036717760423405753
112231.79222566397,-0.006324664607953889
107867.92734742016,-0.03888260885533576
108248.16591549366,0.0035250382335505984
109300.83491982131,0.009724589746392802
108272.32048503245,-0.009409941246499439
109803.4964804983,0.01414189691886695
108691.6065699594,-0.01012617945856007
110059.54875905898,0.012585536567803856
111929.4908824501,0.016990276123017727
111205.52644060769,-0.006468040157555363
111868.78798378883,0.005964285808541788
110811.9807916472,-0.00944684581989715
109224.06077663541,-0.014329858591711877
108944.68093824248,-0.002557859837900268
108877.34036509621,-0.0006181171266584946
109160.34324144383,0.0025992816815566997
110120.88283758919,0.008799345692975859
109604.76320655884,-0.004686846107032632
110820.13420555594,0.011088669538080551
108925.87452911031,-0.01709310036506574
108546.7858426286,-0.003480244598636705
107367.3605054527,-0.010865594296691858
107009.99890142067,-0.0033284007574525434
107767.88583807666,0.007082393649533512
107476.79957955879,-0.002701048241358509
107086.69967058818,-0.0036296196992901333
107452.21436043916,0.0034132594521573555
107858.1184204838,0.003777530900229529
107350.82944030807,-0.004703298996910775
106834.39251623067,-0.004810739952079821
106860.83112727314,0.00024747284483737746
106487.5104691779,-0.0034935219402384035
107093.91631720978,0.005694619447483469
105988.48144470813,-0.010322107086152145
105687.98709764157,-0.0028351604152695746
105490.3119049603,-0.0018703657635057277
104391.3125759175,-0.01041801194059335
103916.23141396478,-0.004550964541299594
104225.73987112912,0.002978441894523251
103833.70830840808,-0.003761369918848927
104898.31883412485,0.010253033846721882
104977.27473590302,0.000752689868204778
103625.68552024895,-0.012875064808591451
103473.85899879334,-0.0014651437111694778
103907.80085595633,0.004193734160122989
103458.25942846254,-0.004326349165227615
103058.47885789494,-0.003864172592658358
102691.65988321128,-0.0035593284390454142
102881.50327380048,0.0018486738923599636
102934.23286909742,0.0005125274575023529
101798.63759251448,-0.011032241120668737
102818.36767758869,0.010017129002806753
103348.41634830015,0.005155194375129113
102522.27972784852,-0.007993703722245803
102568.35266742508,0.0004493944116229768
102314.01185794553,-0.002479720136524261
103398.04649012123,0.01059517276754616
103005.24784328029,-0.0037988981433848545
101752.6232359956,-0.01216078436305036
101050.79064144735,-0.006897439812637376
100848.57675334536,-0.002001111389810881
100500.78215871207,-0.00344868123904146
101321.42645265511,0.008165551315282921
101007.30103145976,-0.0031002862098682064
100311.7007807461,-0.006886633378086211
100402.41240478851,0.0009042975379380545
100957.259619693,0.005526233898320475
100907.0636168281,-0.0004972005287582462
101982.41531782967,0.010656852577585361
102083.96385789727,0.0009957455876203937
101088.93884987701,-0.009747123548272008
103009.18479530615,0.018995608889324868
102972.11697042892,-0.00035984970612945957
100019.59669008746,-0.028673007482106588
99961.54995653772,-0.000580353605399875
100214.25339085168,0.0025280063626847748
99833.610605513,-0.0037982898885062905
99841.65989092701,8.062700893223044e-05
98838.93735584417,-0.0100431276501038
99044.6945057775,0.002081741826023141
98446.08693760907,-0.0060438125550834184
99358.12994392107,0.009264390639416652
99808.06227323925,0.004528389670499259
100048.22310650541,0.00240622678966236
100163.47325026766,0.0011519459335081951
99526.46862180339,-0.006359649958150579
98228.92243188422,-0.013037197118384669
99654.44154238641,0.014512213665895658
99767.85456868008,0.0011380629356639554
99142.61624051418,-0.00626693167723161
99126.79477565891,-0.0001595828863028424
99152.53751844584,0.00025969509904141916
99470.27250002555,0.00320450680871993
99425.63627277596,-0.00044873936833325466
99131.7998693845,-0.002955338425849385
100426.36639459326,0.013059043888181857
102183.1901607489,0.01749365061415019
102086.71461432295,-0.0009441430265993791
100608.56421070611,-0.014479361092196795
99289.15555149295,-0.01311427779100309
98028.37857858937,-0.012698032991626418
96893.37029485102,-0.011578364349140198
96398.8175284987,-0.0051040929306864
96762.80601784855,0.00377586052071895
95767.03830067201,-0.010290810675672873
96710.40377856653,0.009850628093276774
95303.67754639382,-0.01454575906221653
95733.38878638785,0.0045088631525772235
97724.37502984267,0.02079719801727031
97026.33064733766,-0.007142991523781559
97501.38695248388,0.004896158619796901
95768.41584353131,-0.0177738098207475
96144.3368284473,0.0039253127620923495
96226.41355315795,0.0008536823636021554
97397.42178489894,0.012169301426724018
97693.05266641252,0.0030353050018764585
97491.45369287774,-0.00206359580371769
97013.66393471062,-0.004900837356187852
96993.44160611078,-0.0002084482513045623
96851.14272321807,-0.0014670979865893633
97315.75569267149,0.004797186242615533
97232.11314735636,-0.0008594964373423921
97188.46751582166,-0.00044888082879117406
97250.207216273,0.0006352574747751007
97098.83225900818,-0.0015565515138511836
96906.16266221309,-0.0019842627590120317
97641.12554841545,0.007584273961649203
97206.91838632304,-0.004446970061576223
97430.26795492407,0.0022976715269728424
97405.18569942801,-0.0002574380223162473
97230.4182050997,-0.0017942319299878824
97401.013123051,0.0017545426739958318
97391.42501447267,-9.843951588280763e-05
97277.04413806116,-0.0011744450437449953
97555.59316288006,0.0028634610281081177
97144.3537511387,-0.004215436536322001
97093.47310157561,-0.0005237633233263645
97053.13622249753,-0.0004154437758744895
96914.3910470359,-0.0014295795155300603
96903.56615446664,-0.00011169540924018347
96878.05746160209,-0.00026323791658901317
96528.59315050048,-0.003607259685611749
95904.96813023835,-0.006460521177282788
96524.93328053283,0.006464369493899124
96495.90995849026,-0.00030068212487880877
96516.11328358369,0.00020936975569341596
97319.27591831867,0.008321539351415073
97860.088543397,0.005557096679718813
97664.21814714694,-0.002001535040132268
97845.91648017587,0.0018604391298681425
98296.3604474958,0.004603605173560709
98013.85973413609,-0.0028739692097816756
97700.05221313318,-0.0032016647630662624
97264.64776245195,-0.004456542661117509
97500.01496460839,0.002419863820730504
97248.92946170828,-0.0025752355319252447
98485.78047289523,0.012718402331348723
98264.99596259522,-0.002241790736082813
98006.6106565417,-0.002629474550142641
97966.81234536904,-0.00040607782379219757
97538.41337794682,-0.004372898915113775
97097.14220969766,-0.004524075725317514
96592.33345125917,-0.005199007374988183
95442.37083831547,-0.011905319727304978
95659.1393852142,0.0022711982633577808
95634.75492683136,-0.00025490986579606553
95517.26415422802,-0.0012285363484564366
95303.05519081283,-0.0022426203818958442
95631.36281043226,0.003444880323743004
96103.38436327121,0.004935844674457129
96095.85383524101,-7.835861432029293e-05
95781.61195788895,-0.003270087780174542
96105.45666089037,0.003381073844777238
96101.30266380138,-4.322332189353691e-05
96506.93496158968,0.004220882407883066
96716.46099486624,0.0021710982051181714
97491.96484360231,0.008018323259131953
96923.27780593684,-0.0058331682880508945
97012.75623062273,0.0009231881825648327
96932.1457908455,-0.0008309261885684232
97467.559627,0.0055235941780321955
98001.72683208156,0.005480461469701132
98287.86580448941,0.002919733984872847
97768.47616768959,-0.00528437190642605
97594.48617342947,-0.0017796124178278002
97043.69208212859,-0.005643700918944273
96943.96243387766,-0.0010276778027626182
97241.93632213167,0.003073671436292416
97704.2450939534,0.004754211910078014
97859.37909284921,0.0015877917970363938
97765.7636856166,-0.0009566319355427088
97783.11326294104,0.00017746066383965853
97807.92250779328,0.00025371706856506756
97678.45859753319,-0.001323654637994963
98324.9215434721,0.006618275464425141
98280.80250534315,-0.0004487065683489326
98521.77866564576,0.0024519148619031837
97435.44091430077,-0.011026371692209406
97987.43206873345,0.005665198917898742
97941.33204632688,-0.00047046872678784804
97473.37846008246,-0.004777896894674461
97494.83877971247,0.00022016595678806856
97261.48279623428,-0.0023935214048146514
97945.98437616853,0.007037745675421143
97858.49570550509,-0.0008932338698790017
98129.96819620326,0.002774133086156789
97914.38339861033,-0.0021969312897553613
98019.91887123618,0.0010778342155944292
98184.62876504376,0.0016803716602126666
98162.01457463279,-0.00023032312384750834
97695.53283942111,-0.004752161385777437
97378.00934602025,-0.003250133185954034
97364.92326697758,-0.00013438433513432148
97242.71485717334,-0.0012551584873038274
97683.56562700596,0.004533509481713987
97207.30064689883,-0.0048755896352688345
97714.35362379176,0.005216202625919633
97474.95681630044,-0.0024499656254496887
97235.34067801877,-0.0024582328231573347
97238.41558634405,3.162336146337059e-05
97229.78519003771,-8.875500751738283e-05
97127.65838755891,-0.0010503654027332312
96514.97376050387,-0.0063080345725036475
96226.5038800109,-0.002988861409306171
96515.58282454126,0.0030041509654224682
96586.5292455597,0.0007350773724014081
95977.7877002612,-0.006302551194803236
96385.80436613341,0.004251157227612486
96569.3910252923,0.001904706407403069
95822.86107669324,-0.007730502809151368
95661.21121094613,-0.001686965552173713
95243.58753056735,-0.0043656532788180664
95177.98208280762,-0.000688817478013143
95186.93694510557,9.408543974123663e-05
95328.14601799402,0.0014834921410475511
94902.83953633023,-0.0044614995615618975
94255.07536063112,-0.006825551046353398
94115.5831291048,-0.0014799439817178475
93886.78996098644,-0.0024309807208493135
94060.60541196392,0.001851330214290055
93901.43881623098,-0.00169217064929396
93807.25161403758,-0.001003043226821336
93747.65045201157,-0.0006353577255544911
94012.38984987441,0.0028239576841272655
93589.35758472963,-0.004499750148042304
93359.85153315535,-0.0024522665556979107
93512.66960532026,0.0016368714137322742
93358.43508121585,-0.0016493436103938927
93421.89746050419,0.000679771241164672
93520.91686526661,0.0010599164377312557
93402.41985192419,-0.0012670642815996243
93481.69177246364,0.0008487137770641078
93686.69651806614,0.0021929935339797756
93742.50477134311,0.0005956902671471236
93715.8117713547,-0.00028474809856558227
94872.3262568464,0.012340654833288282
94773.94653160185,-0.0010369696741514976
93923.17011470607,-0.008976901859965258
93805.05471883931,-0.001257574629588344
93770.29672158281,-0.0003705343743008632
93862.0116259369,0.0009780805602694629
93868.50768637189,6.92086214908311e-05
93774.97972792678,-0.0009963720607725328
94060.43887709905,0.0030440864930121633
93507.0535264419,-0.005883295434972584
93871.89504681934,0.0039017540026995267
94092.6792795869,0.002351973747386765
93863.76511879377,-0.002432858353548822
93692.91776496096,-0.001820163016224425
93703.17735337261,0.00010950228316502472
93721.92232748627,0.00020004630198373094
93972.30314848028,0.0026715288672710434
94193.67344194844,0.0023556972219611573
94395.91211949127,0.002147051602860405
94985.9189179865,0.00625034268166573
93862.89159967957,-0.01182309263414705
93429.17867131346,-0.00462070708641556
93027.796835456,-0.004296107935075989
92409.21703108304,-0.006649408299618998
92338.13389312493,-0.0007692212989338147
92578.99196195409,0.002608435525759294
92386.97043766655,-0.0020741371256932078
92094.94760959565,-0.00316086593907663
92253.97619077288,0.0017267894201033417
92037.22608282488,-0.002349493397442056
91967.76011450701,-0.0007547594736868079
91975.86741173611,8.815368797728702e-05
92008.28131630238,0.0003524174925273191
92126.86372683119,0.0012888232323473774
92210.06465436575,0.0009031125577145957
92205.09193002696,-5.3928216593584156e-05
92416.81594564565,0.002296229103912905
92753.29454255829,0.003640880650016604
93136.76961674028,0.00413435529242624
92834.3771589773,-0.003246756989826142
92308.71217125282,-0.005662395804350378
91890.66125127225,-0.004528834929524275
91818.66061360609,-0.0007835468445402604
91873.1688885378,0.00059365138379771
91545.2645889481,-0.003569097523864706
91097.58368371558,-0.004890268297794361
90741.8059779206,-0.003905457108832013
90597.73514904745,-0.0015877007000301606
90502.3194051179,-0.0010531802342805244
90387.0643780942,-0.0012735035718562477
90324.25990429884,-0.0006948391811094248
89927.4739015723,-0.004392906215306329
90148.63894684515,0.002459371265281281
89991.77083498333,-0.0017401051607037982
89900.37242183322,-0.001015630788260701
89856.82602446649,-0.0004843850608583882
90353.75821282047,0.00553026642871491
90227.53009491993,-0.0013970433593168004
90210.31968773283,-0.00019074452297415358
90538.34548690415,0.003636233640527989
90374.726983395,-0.001807173553141746
91054.22691107422,0.007518694112393414
90468.69891332342,-0.006430541641110623
90955.39162604339,0.005379680691398893
91744.81906889901,0.008679281444922965
91543.8385698507,-0.002190646851648212
91782.56433149881,0.002607775306100392
91076.39356515014,-0.007693953328631535
90918.18635370396,-0.0017370825221906367
91136.19326274453,0.0023978360962068645
91415.09229540787,0.003060244483322641
91727.49659320635,0.003417425831491175
91605.70866976414,-0.001327714458210009
91994.88128650287,0.004248344588891194
92463.85721894767,0.005097848118138794
92556.8826674278,0.0010060736300439442
92214.45466156234,-0.003699649296701777
91355.06691128654,-0.009319447297387897
90979.67389585447,-0.0041091646924917005
91038.06746010201,0.0006418308809766865
90348.13908113654,-0.007578460288250758
90150.79661889309,-0.0021842449025567382
90492.26267318448,0.0037877208754450507
90479.77717879196,-0.0001379730600572813
90274.16059360394,-0.0022725142744517463
90661.54317648873,0.004291179007786278
90835.61916874484,0.0019200642980148385
90673.33972455269,-0.0017865177303486922
90921.99488366043,0.0027423183028563395
91241.75592656435,0.0035168722740087717
91345.61322541599,0.001138265016899038
91322.62821384314,-0.00025162687907218974
90988.29708379488,-0.0036609889201324273
91333.18585981196,0.0037904740177677897
91610.4125035563,0.0030353331172512333
91415.97055770687,-0.0021224873956537595
91671.15449461456,0.0027914590344648754
91719.73401527554,0.0005299324627119583
91612.30750176168,-0.00117124754740321
91550.31828050945,-0.0006766473080162329
91141.0212856576,-0.004470732625939877
91024.67086733779,-0.0012765977018749835
90659.02739483771,-0.004016971102625272
90557.07555136445,-0.0011245636138279328
90693.31105335806,0.0015044158743435137
90766.15202451855,0.0008031570389754654
90369.80359647368,-0.004366698589776261
90820.9468843001,0.004992190641919454
90941.59106476816,0.0013283739556443923
91047.74465569804,0.0011672721984189256
90881.50587973018,-0.0018258417778113365
90799.8820064378,-0.0008981351321401332
92314.37324566196,0.016679440608929175
91736.54511416699,-0.0062593517258389434
92687.44107015955,0.01036550869459019
92973.69288077248,0.0030883559553257006
93987.68462364216,0.010906222087682299
92650.55172777703,-0.01422668194476172
92188.55112640992,-0.004986485161195245
91629.41997157034,-0.006065082355756779
91524.8641926884,-0.0011410721459807539
91646.97167248935,0.0013341454355383746
92013.19938116506,0.003996069940908374
91886.57838508171,-0.0013761177410951053
91435.45868063065,-0.0049095277284186035
91731.69787309587,0.003239872110227286
92345.69006380168,0.00669334815491195
92769.8406773777,0.0045930742764820065
91866.92541407721,-0.009732853443615679
91742.47099678537,-0.0013547249647343227
91394.16300048758,-0.0037965839868210408
91444.68005237842,0.0005527382737841841
91403.09344394722,-0.0004547734040665372
91281.29637466435,-0.0013325267744636743
91676.90827013103,0.004333986382521153
91935.6358754607,0.002822167656083372
91587.25946915551,-0.0037893511366703264
91537.18837632914,-0.0005467036912840135
92359.0389032258,0.00897832390828795
92863.08261674618,0.005457437837226953
93113.03062215274,0.0026915755794809653
92727.37703952742,-0.004141778868634167
93986.56856488647,0.013579501173879665
93526.24744430264,-0.004897733023054609
93369.71983829317,-0.0016736222214271757
93180.8149195805,-0.002023192519371633
93396.15225820654,0.002310962174047165
93873.28117299629,0.0051086570833309385
94102.99895636836,0.0024471050814632894
93917.90042311238,-0.0019669780486145576
94333.49221064396,0.004425054070196229
95473.15242322588,0.012081183319675007
95048.72759108328,-0.004445488824556242
93616.96959898614,-0.01506341040415425
94446.78571975537,0.008863949819395063
94640.95633343702,0.002055873179822193
93758.34995015076,-0.009325839652091767
92906.70839636547,-0.0090833675532695
92748.91158530214,-0.0016984436730889997
92626.32639370086,-0.0013216887347356034
92550.40674726217,-0.0008196335684954478
92716.53202726043,0.0017949708254867765
92354.52349094229,-0.0039044658854550185
92727.44373981838,0.00403792077290805
92656.97620541474,-0.000759942596944176
92348.46599702495,-0.0033295950399444057
91855.43545445199,-0.0053388059806953984
92258.920211502,0.004392606219259336
92285.28941995073,0.00028581744061457234
92413.45085780707,0.0013887526241925946
92286.36063196963,-0.0013752351487554978
92582.61362425738,0.0032101492599670694
92557.03847809312,-0.00027624134989384495
93931.71756110704,0.014852237124454826
91240.7390559547,-0.028648241243983654
90687.38676114698,-0.006064750247895148
90290.9332729517,-0.004371649711766979
91164.03259742439,0.00966984494260661
90256.48237019085,-0.009955134732150697
90925.46927069295,0.007412064850458238
91677.78985174243,0.008274035724905177
92695.68572151377,0.01110297130218178
92322.8067769606,-0.004022613799669269
92398.30244038226,0.0008177357909412013
92114.71677544362,-0.0030691653141747175
92612.76953492226,0.0054068750023168605
92403.47231092327,-0.0022599175583456824
91740.6109767919,-0.007173554386581456
91395.84205597856,-0.003758083984208029
91664.30509310907,0.0029373659795824047
92002.7164819211,0.0036918557171002945
92281.15771299401,0.003026445758562303
92010.40434851302,-0.0029340048520312668
91626.31414884215,-0.004174421386260169
92438.39962169701,0.008863015831190884
92559.32381377602,0.0013081597320366233
93813.46110672376,0.013549551155656378
93710.00745565866,-0.0011027591333338319
93530.93712894978,-0.001910898649683826
92974.44137047193,-0.005949857614605232
92677.7184061658,-0.0031914465947022164
92771.50134037258,0.0010119253669554984
91939.44292527561,-0.00896890104261858
91912.47233161853,-0.0002933517193377381
92103.25609184892,0.0020757113304715365
92492.96617128247,0.004231230208027832
92392.59414253345,-0.001085185532521031
92739.26343023275,0.003752132851303127
92137.8069240315,-0.006485457010921076
92458.3826267686,0.003479306849591401
92057.88838477555,-0.004331616351215503
91676.29581742734,-0.004145137087581907
92143.89496215465,0.005100545790577409
92072.43683767333,-0.0007755057946125154
91687.31807286559,-0.004182780189545
91353.48995195604,-0.0036409410584378227
91935.52655472595,0.006371257442666008
91719.07045057487,-0.0023544337239665785
91015.44498011422,-0.0076715285818320265
92352.58333827197,0.014691334624029
92055.45776752569,-0.003217295716114112
91811.43343965315,-0.0026508404150115393
90421.30267620954,-0.015141150849772193
91639.76318530251,0.013475369996118728
92055.65493395869,0.0045383328611971795
91715.57008518602,-0.0036943395711720416
92555.62666562742,0.00915936715719208
93648.62393966764,0.01180908512443914
92733.24527648785,-0.00977460879478076
92333.0821583539,-0.004315206665536903
91893.48696107457,-0.004760971766602628
92151.90329008074,0.0028121288847776224
92047.32730707127,-0.0011348217375421173
92047.34276044654,1.6788510559875847e-07
92154.86398611817,0.0011681078719616433
91923.37105819568,-0.0025119990189271233
91738.5621450721,-0.0020104670988033593
91288.34714153915,-0.004907587311222439
91047.2525433942,-0.002641022712035158
91664.80690897533,0.006782789687001162
92370.70848999536,0.007700900758139538
91646.04636660653,-0.007845150646076503
92055.95269911205,0.004472711576294107
92458.96463671786,0.004377901980147597
91250.70701834116,-0.013068041840227125
91854.05330462322,0.006611962865786902
91387.76816827455,-0.0050763697362629446
89500.39763854606,-0.02065233200851601
88646.87030404725,-0.009536575892610475
88503.71859289032,-0.0016148535268750287
88854.71070454054,0.003965845924110357
90288.37831256227,0.016134964557917072
91164.85864903423,0.009707565390506136
90020.68253012864,-0.012550626807972353
90442.8727298053,0.004689924446366538
89345.80557985288,-0.01212994586350516
88481.60772778746,-0.009672506128931195
87287.04695268166,-0.01350066760519144
87350.2309312564,0.0007238643164203262
86634.87393732567,-0.008189526075709101
86473.74440000491,-0.001859869242002003
86383.03192930337,-0.0010490174946273384
86684.66360206362,0.0034917930758336627
86778.5497635623,0.0010830769549924955
86783.66421273192,5.8936790065660294e-05
86812.62259797083,0.00033368474933149816
86664.86316414156,-0.0017020501098502618
86579.6668970286,-0.0009830543083140433
85669.91191389732,-0.010507720989655443
85492.00163845054,-0.0020766949734416316
86259.47399274899,0.008977124638444195
86144.25962748162,-0.0013356720129900962
85902.07092051397,-0.002811431754303222
87116.93703839877,0.014142454365377562
87755.0373575205,0.007324641347760845
88920.55261812084,0.01328146275924812
88355.41137702066,-0.006355574998810921
87703.7122886129,-0.00737588200033284
87471.65849194152,-0.002645883402378081
88044.85848325022,0.006552979572937881
88334.3155483325,0.003287608953762421
88525.04492541247,0.0021591764864654223
88295.37028559108,-0.0025944594551169913
88212.31605867555,-0.0009406407906426991
88538.70942815057,0.0037000884236835494
88037.94653601134,-0.005655863919561727
88817.38577020903,0.008853446324748842
88506.72163951311,-0.003497785123958528
89111.10485130099,0.0068286701912825
90098.95332813173,0.011085582189550271
89994.8491840581,-0.0011554423245572632
90195.01513040517,0.0022241933639746254
90763.58246006805,0.0063037555771883105
90833.76024718666,0.0007731932259227147
91147.59506855528,0.0034550460149902562
90776.44039847165,-0.0040720182447433854
90031.33143805031,-0.008208175570121615
89864.58363379636,-0.0018521086114193408
89823.90266607494,-0.00045269188457148227
89573.18709942269,-0.0027911898638416826
88931.89143615447,-0.007159460146889754
91093.05395346547,0.024301321858902703
90628.52480110434,-0.005099501358231195
91268.19633879137,0.007058170030802852
92614.75133364894,0.014753824978189549
91084.01589171482,-0.016527987387447207
92549.95891392863,0.016094404796079573
93430.65424076318,0.009515891062184
92559.36009557694,-0.009325570416546497
91039.77793190071,-0.01641737974535588
89934.37218949493,-0.012142008334341998
90844.2117876369,0.01011670594892137
91945.7331270784,0.012125388263772912
92191.41110618168,0.0026719889085416704
93598.16285866799,0.015259032653986392
93805.97121724147,0.002220218348593696
93256.30061095065,-0.005859654765663739
92979.37565521932,-0.002969503979003188
94280.44405491132,0.013993085999163215
95582.25174666572,0.013807823083609817
96697.08978022833,0.011663651077371811
96564.55472552804,-0.001370620925629834
97498.48411864007,0.009671554907145753
96797.40637872195,-0.007190652718918387
98052.13484060671,0.012962418197194264
98246.68050335998,0.0019841043039962158
96100.95682027952,-0.021840164696527054
95907.21207148433,-0.002016054316269875
95924.86782452815,0.00018409202668356116
95474.24119179447,-0.004697703973468018
95339.25481215245,-0.0014138512959831406
94769.79679980192,-0.005972964792650614
94686.68225016214,-0.0008770151719894746
94775.8563982147,0.0009417813142610208
93416.63615419,-0.01434141875029587
93356.3984745041,-0.000644828182278707
94940.72410648536,0.016970723569782416
93891.79359036073,-0.011048267495286318
94053.83653809846,0.0017258478248344412
93471.689073438,-0.006189513220172082
96072.66515622754,0.02782635157845518
96457.50334413485,0.004005699095382696
97864.56245119481,0.014587347363117488
98904.19312510926,0.010623157636176203
99075.71496229774,0.001734222096847819
100590.17432334114,0.015285878700140691
101395.2528295201,0.00800355016376743
100205.25506194035,-0.011736227627742611
98093.80820994642,-0.02107121877678741
99538.73917026058,0.014730093434864278
100252.06529710231,0.0071663166801981355
100875.18245965689,0.00621550449567235
100668.0490103714,-0.0020533638129312044
101578.06508225936,0.009039770620708114
102263.71065397466,0.006749937313336868
102078.54838188851,-0.0018106351794007674
102483.14896800066,0.003963620099675466
101994.80172590846,-0.0047651467290948085
100788.80139812651,-0.011824135224291595
101842.41374884063,0.010453664852628088
100934.18513539305,-0.0089179800440258
101443.58738451943,0.005046875332109434
101688.70093825426,0.0024162547880501985
101733.79239243659,0.0004434263961117081
101520.68463891192,-0.0020947587671027706
101483.6738624623,-0.00036456389731080805
101284.49026396881,-0.0019627156853173626
101076.02326234021,-0.0020582322237619292
101465.49241286961,0.0038532298556952734
101425.06914409672,-0.00039839425021864934
101920.08413383218,0.004880598001192066
102407.26003181827,0.004779979354671423
102168.4971269586,-0.0023315036920770233
102279.24743952058,0.0010839966885718155
102369.2227134117,0.000879702150177948
98976.3453359949,-0.0331435297395522
99839.68376868906,0.008722674390162596
100323.9176425451,0.004850114258954563
101872.22814875466,0.015433114481495765
102002.83340237467,0.001282049641923072
102506.64564695815,0.00493919852790816
101097.06795077119,-0.013751085964139978
101137.13114779441,0.0003962844604229542
101693.86811524165,0.0055047731839819565
100935.93803944405,-0.007453055821799303
101127.09626848073,0.0018938569626407685
101503.4693978297,0.0037217832137663573
101553.17126271164,0.000489656808548331
101022.37928011129,-0.005226739608428681
101067.19749311756,0.00044364638138253527
101471.51320672697,0.004000464281568022
101590.7310490561,0.0011748897652314172
101255.8002325962,-0.00329686392647547
101261.01157715972,5.146712140482513e-05
101828.58733804281,0.005605076939712483
102010.1159053498,0.0017826876720223258
101820.99301057938,-0.0018539621594577363
102365.19271601325,0.005344670969544864
101906.84150923097,-0.004477608009334441
100265.31896005354,-0.01610807012430807
100281.68987061107,0.00016327590364571663
100747.58670866615,0.0046458814032372345
100807.70547869816,0.0005967266511888404
100152.20019146404,-0.006502531568607511
100535.39603230963,0.003826135023624082
101035.54628041256,0.0049748672392178174
100889.7641249923,-0.001442879865425308
100607.36626894049,-0.002799073409488377
100457.6286167008,-0.0014883368663027939
101087.19303309382,0.006266964739882188
100636.35481091477,-0.004459894558863246
100656.40110644267,0.00019919536598459928
100205.9021325284,-0.0044756117739386285
100500.12364459888,0.0029361694851201404
100620.04104975432,0.0011932065435013477
99958.59704134085,-0.006573680566144862
99761.24749074609,-0.001974312929913748
99650.88024434674,-0.0011063138159894035
99546.1961533443,-0.0010505084425322362
99452.18831854392,-0.0009443639077435542
99702.89648723495,0.002520891424611059
99903.59020466215,0.0020129176232396837
100599.17424133085,0.006962552949736241
100227.29353755811,-0.003696657617493175
101141.30234820786,0.009119360389665137
100379.89394623137,-0.007528164897018257
100561.09419195938,0.001805144821382904
100561.0074915583,-8.621664450149528e-07
100130.00850534595,-0.004285945387415982
98884.40845160639,-0.012439827703330844
97983.78201049277,-0.009107871050817711
98093.82103843385,0.0011230330742826194
98456.37166960517,0.0036959578833132313
98254.37904608376,-0.0020515952405726887
98539.39077790249,0.002900753478733592
99282.87098213479,0.007545005082363838
98089.74415377066,-0.012017448896887918
99280.09877892764,0.012135362727533594
99401.68768960869,0.0012247057786655673
98905.36944797992,-0.004993056487919712
99031.36005090417,0.00127384998031401
98119.35127171059,-0.00920929267986206
97807.62560478662,-0.0031770049728594356
97679.17097554027,-0.0013133396138803335
98040.18434578992,0.0036959094415334065
98416.0464422389,0.003833755505021427
98151.13955237727,-0.0026917042437496603
98334.67111320268,0.001869887213357151
99186.81703234663,0.00866577280929693
99378.50395884272,0.0019325847146962505
100426.6463139796,0.01054697256834299
101081.51833084262,0.006520898993436399
100644.59816747562,-0.004322453506653355
100618.58784486356,-0.0002584373437387563
100412.39113907666,-0.002049290396569892
100814.35864203317,0.0040031663263527355
101123.97265208639,0.0030711300872586127
100615.44372949484,-0.0050287672572073795
101223.65222162468,0.006044882073621002
100962.17712912888,-0.002583142247459304
100933.61774148693,-0.0002828721453323679
101258.14866541018,0.0032152907146798743
100660.16422407763,-0.00590554389166727
100963.75516051994,0.0030159988192199356
101211.43761652002,0.0024531818929109973
101323.72153851994,0.0011093995366941618
100517.03751949703,-0.007961452725719739
100409.6015568461,-0.0010688333570326109
99746.61430112508,-0.006602827273900499
99345.43678821845,-0.00402196621627199
99571.72760665837,0.0022778179426834045
99771.37075871164,0.0020050184610830267
100013.47272025848,0.0024265674582375995
99573.65609811703,-0.00439757374860522
99039.948267352,-0.0053599300425319326
99359.66459182279,0.003228155204683049
98857.51101379572,-0.005053897676586915
99210.03565760724,0.0035659874520037214
99206.43243525259,-3.6319131736766314e-05
99421.91708927516,0.002172083490283811
99535.02378037461,0.0011376434332673801
99901.12006317088,0.003678064955347454
99573.92958464561,-0.0032751432448242593
99359.77516669317,-0.0021507077087923165
99363.57569785921,3.8250198932554655e-05
99614.31499830964,0.0025234528718336728
99780.58498803584,0.0016691375102969243
99754.20627535002,-0.00026436718815574283
100258.82478795298,0.005058618893824586
100347.61455249961,0.0008856054789631983
100462.97823973215,0.0011496405544566433
99761.5410579774,-0.00698204646174175
99364.93483302229,-0.003975542285625095
99349.35562337741,-0.00015678780115987745
98642.09051880012,-0.0071189702252168335
99239.08508305263,0.006052128063311216
99813.45495916728,0.0057877385269520815
99888.33788979343,0.0007502288209218519
99639.50182348376,-0.0024911423251851596
100460.83256715594,0.00824302338571708
100967.38790815548,0.005042316772170111
100688.2574146525,-0.0027645609071008967
101740.58338799453,0.010451327695625534
100968.00510575647,-0.007593609713164026
99758.1799316169,-0.01198226282546001
99408.30329826426,-0.0035072475619792034
99484.75754842778,0.0007690932007371712
99392.61526555641,-0.0009261949784269916
99046.98163564203,-0.003477457847254571
98824.14936457179,-0.0022497633687613475
98472.78988753856,-0.003555400975292258
98177.33776883685,-0.0030003427245143452
98337.24499231901,0.0016287590101360806
98055.5004355142,-0.002865084910878159
97918.74965317441,-0.0013946263262377228
97840.89249465987,-0.0007951200233898913
97642.1454898177,-0.002031328617050423
96851.09189471764,-0.0081015589234729
96072.0885310443,-0.008043310079768216
96199.53196552335,0.0013265396477547887
96261.86766151113,0.0006479833603569814
95686.89508196246,-0.005973004612485476
95650.06468711472,-0.00038490531870834986
95932.71895516178,0.0029550870558390724
95714.65063038077,-0.0022731381655401238
95492.4846799913,-0.0023211279456829817
95657.761666418,0.0017307852757267568
96058.09981504269,0.004185108888714741
96127.48867980004,0.0007223634955401475
96513.03619382429,0.004010793575482879
96948.81098140364,0.004515190949999756
96737.94001910329,-0.0021750752811274883
96361.75606479804,-0.003888690975133087
95977.95130083256,-0.003982957343651938
95970.40206344012,-7.865595472828883e-05
95916.89343835987,-0.0005575534115704267
95986.69228835661,0.0007277013203267348
96539.33748907511,0.005757518959589506
96749.94389901811,0.0021815605474485847
96822.04934477172,0.0007452763572540841
97115.84280327674,0.003034365214258755
96745.91407211593,-0.0038091491612769514
96703.31169910634,-0.00044035320166428384
97114.65659335139,0.004253679496778343
97217.89112481163,0.0010630170056874996
98536.6345518313,0.01356482239803609
97944.99277348375,-0.006004282377193709
98039.2274831923,0.0009621187060219044
98502.82832517072,0.004728728019178832
98205.88683831593,-0.0030145478247035813
98480.49539728032,0.0027962535424836767
97939.1147891434,-0.005497338391251446
97677.51835269193,-0.0026710108317260697
97648.95082479467,-0.0002924677897130396
97888.57700340643,0.002453955486339257
98426.78770542654,0.0054981972207173765
98799.81447349249,0.0037898907072163434
98503.38244114933,-0.0030003298480149464
98352.23721899191,-0.0015344165693773346
98561.43766521609,0.0021270532540948674
98624.50825890496,0.0006399114621593402
98725.67620178776,0.0010257890728056897
98837.19132076146,0.0011295452537165612
98759.02716470556,-0.0007908374875023163
98595.55995383661,-0.0016552128505309747
98574.18609302964,-0.00021678319811741127
98558.73065314798,-0.00015678993146402842
98304.5751591117,-0.0025787212594154457
98946.63657227252,0.006531348231977969
99037.39416972313,0.0009172378222713043
99340.33720954115,0.0030588753102577175
99600.45572395061,0.0026184581381154155
99956.93271323947,0.0035790698616567644
100287.63314683818,0.0033084291866722405
99186.28931156528,-0.0109818509093772
99891.92526685649,0.0071142489570776
100307.60776853467,0.004161322354812105
100902.39292182271,0.005929611586994887
100818.15060054314,-0.0008348892314659
101060.7062665331,0.0024058729955381834
100515.62748097385,-0.005393577837479969
99782.53545448011,-0.007293313934019961
99665.22095801261,-0.0011757016990314381
100119.32135390179,0.0045562573536106835
100301.75190839214,0.0018221313531031505
100010.2347878778,-0.002906401084405599
99756.12355420347,-0.0025408522859014532
99773.31389731224,0.00017232368797323285
98929.89316163752,-0.008453369971681802
98360.447776517,-0.005756049733017749
97353.87266175733,-0.010233535303201308
98053.91176317261,0.007190665171045365
98378.9488583361,0.003314881469987091
98201.81368933023,-0.001800539353809696
98381.70350172209,0.0018318379837764798
98584.17310522519,0.0020580005864561527
98677.2859883628,0.0009445013353028944
98633.35442485017,-0.0004452044163213542
98556.35527911053,-0.0007806603170766908
98651.0769583699,0.000961091539871964
98693.19935691674,0.0004269836665302787
98837.27457483484,0.0014598292370384565
99145.29731345462,0.003116463297321649
99024.03638809288,-0.0012230628042635607
98835.4646129965,-0.0019043030558493362
99165.44381076065,0.0033386719944732755
100079.9328130308,0.009221851555621297
100607.35590611171,0.005270018456809288
100534.55277593003,-0.0007236362542876605
100930.7972919733,0.003941376423351744
100926.31822203087,-4.437763361245521e-05
101169.66566064645,0.002411139561043394
101269.56398209513,0.000987433543407816
101518.18765831042,0.0024550681017965433
101555.21003413582,0.0003646871233558614
101481.72398452305,-0.0007236068891794918
101973.43368152778,0.0048453029540543174
102381.34457436323,0.004000168260582394
102641.67397604467,0.0025427425549421614
103152.02410013312,0.004972153164684077
103369.70422580931,0.0021102845782733897
103380.08234064608,0.00010039803165255387
103540.64360885708,0.0015531160797679121
103710.61520084893,0.0016415929635704824
104242.78051843093,0.0051312521534213305
104503.64964028708,0.002502514999684197
104541.46800192192,0.00036188555868650184
105591.0247269444,0.010039621071737538
105752.1015419479,0.0015254782820798018
106116.11499226377,0.0034421391632720915
106120.55797854294,4.1869100461264784e-05
106403.04154239834,0.0026619117844491813
106530.89032163104,0.0012015519235112084
106261.91920985324,-0.0025248180219441833
106545.79376952958,0.002671460875045344
106748.80292077955,0.0019053699265602338
106841.88002388153,0.0008719264343512081
106708.99427088253,-0.0012437609013366913
106761.06035351289,0.00048792590527284735
107132.18999083388,0.00347626406193505
107008.1019386971,-0.0011582704707837888
106957.77962627918,-0.0004702663770894064
106860.62284492713,-0.0009083657279679842
106646.55181849063,-0.002003273242634519
106614.39062927141,-0.0003015680176323124
106493.6774850134,-0.0011322406247930056
106113.43711854253,-0.003570544049663282
107163.32933390826,0.009894055304163483
107746.19831617051,0.005439071237196397
107650.64459962049,-0.0008868407242511472
107665.3881723205,0.0001369575886410047
107357.6426593243,-0.002858351399835667
107823.78970508662,0.0043420015027858215
108081.04037546246,0.0023858433382787213
108419.46292380423,0.0031311925492771534
107704.43216183191,-0.006595040619919269
107535.96981742878,-0.0015641171029062585
107555.25824193083,0.000179367187879506
107350.94273067903,-0.0018996329383750557
106450.13010351015,-0.008391287530924023
106825.70700418731,0.003528195788130496
107394.23640505063,0.005322027972546251
107215.60721693588,-0.0016633033028050181
106962.18842663101,-0.0023636371315989627
107330.77557313193,0.0034459574165662927
107335.77816041284,4.660906673035127e-05
107060.66083584019,-0.0025631465042485345
106807.18253746985,-0.0023676138031597056
106698.3703846239,-0.0010187718677794023
106705.3934269768,6.5821458449654e-05
106126.75552112517,-0.00542276156122898
106182.07976989575,0.0005213034969259525
106086.80520908433,-0.000897275331373205
105645.98828859821,-0.004155247390260405
105144.24814119574,-0.004749258874192519
105370.80917864796,0.002154763969094933
105532.79163957294,0.0015372612413970732
104868.9121655779,-0.006290741140084654
105127.30299240383,0.0024639411384182403
105049.55268791325,-0.0007395824136780468
105058.04607516267,8.08512462176445e-05
105253.534148426,0.0018607625076472907
105409.22334158604,0.0014791825701594165
105900.69161883004,0.004662478876742694
105785.74883328169,-0.001085382765601443
105081.31144404873,-0.006659095360218584
104899.97644388347,-0.0017256636567750136
104431.03563950381,-0.004470361388789404
104124.83295418897,-0.002932104268044049
104031.10057914033,-0.0009001923209795758
103667.16469290285,-0.003498337364609694
103757.53117811096,0.0008716982419245026
103418.23324254242,-0.0032701041718705393
102762.72184852294,-0.006338450904321042
102961.37352810091,0.001933110334220102
102839.772314011,-0.0011810372173863904
102535.0884826486,-0.0029627042583494313
102778.3362342747,0.002372336682259546
103064.02048818901,0.0027796154752214816
103521.91550514434,0.004442821217204594
103062.0415988857,-0.004442285520072228
102553.78917024726,-0.00493151911948869
102771.47203580537,0.0021226213806370283
103143.94850244223,0.003624317714424658
102789.09165366362,-0.0034404039590379804
102569.79747713903,-0.002133438217972421
102877.2061242521,0.00299706789595234
102858.11713366161,-0.00018555121498372066
103800.67068363616,0.00916362827009294
103808.30723775852,7.356941021738464e-05
104413.01234414507,0.005825209200276945
104598.17398599414,0.0017733579148045313
104795.98656539443,0.0018911666605841405
104919.58306907584,0.0011794011176592364
103798.49055836962,-0.010685255105980847
103581.6400285245,-0.0020891491646806643
103173.31015099082,-0.003942106703671058
103640.86345994672,0.004531727326298458
103245.91597438137,-0.0038107313310641088
103234.50350678494,-0.00011053674606614975
103223.23927133736,-0.00010911308782378257
103334.93406046036,0.0010820701802371738
103553.83518333486,0.0021183651479025688
104230.1211524748,0.006530766996148641
103973.4439933027,-0.0024626006027241966
103773.45912713402,-0.0019234225441407805
103785.41646540137,0.00011522539932586225
103933.53246867674,0.0014271369554578542
104152.2291213458,0.0021041972448589963
104429.39657764479,0.0026611764206801616
104656.2512466973,0.002172325767331525
105046.68076540745,0.0037305895640179043
105778.81388261824,0.006969597819523569
106089.29106725268,0.002935154718023012
105896.13419617177,-0.001820700931618695
105683.86040802444,-0.0020045470947417992
105292.6623100262,-0.0037015878913574806
105112.90325616594,-0.0017072324881573302
104388.356415359,-0.006893034236160218
104392.27241503517,3.751375929894239e-05
105026.37749318227,0.00607425304074284
105819.09951080706,0.007547837377103094
105259.47846759818,-0.0052884691496712126
103771.80821311068,-0.014133361443030864
104105.11863944298,0.0032119554633546514
103547.87099015419,-0.005352740158903872
103816.21430040804,0.002591490367574809
103628.91992634816,-0.0018040955868215474
103675.87835287164,0.0004531401712655663
103810.25858104728,0.0012961571226651758
103609.5390767284,-0.0019335228238755464
103505.76763100152,-0.0010015626616196097
103591.96187380495,0.0008327482108119749
103574.93510252141,-0.00016436382684082245
103341.18516411704,-0.0022568195497588896
103454.87562357393,0.0011001466576596802
102323.76776631246,-0.010933345097983119
102561.03599932698,0.002318798830359773
102492.22809215575,-0.0006708971540779075
101882.56509488063,-0.005948382707876538
100905.27286732396,-0.009592340226677133
101651.62776339737,0.007396589641601211
101715.20190523102,0.0006254119410820757
101632.82328945547,-0.0008098948262649882
101555.94565141696,-0.0007564252920492351
101606.38602407383,0.0004966757222663617
101640.29686983823,0.0003337471894371859
102093.10118658825,0.004454968459309873
102217.99156667029,0.0012232989166798998
101844.5958899745,-0.003652934977226985
101414.34736699161,-0.004224559184737596
102160.29038251888,0.007355399259514028
102210.10232002495,0.00048758609944767923
102847.46900882838,0.00623584826094594
103123.80126772971,0.0026868163267838832
102583.8468414209,-0.005235982573091615
101165.88067425537,-0.013822509204178022
101551.01481323641,0.003806956816015309
100860.06306811424,-0.006803986610994569
101308.72400376524,0.004448350734700593
102008.52152773191,0.006907574158575534
102630.56355637587,0.006097941812389203
102472.991055964,-0.0015353369888231746
102987.5636656259,0.005021543768356282
102887.41547643991,-0.0009724299286382608
102309.72675301487,-0.0056147656226948625
103593.97585656017,0.012552561171877624
102859.98674291593,-0.007085248998074312
102124.2778610388,-0.007152527481030373
102741.61001112846,0.006044910799072284
101894.94878196347,-0.008240684850795002
101310.08602673672,-0.0057398601424123825
101416.21188175885,0.0010475349413296058
101262.69701999502,-0.0015137112589339008
100096.38515298755,-0.011517685202253332
99907.85303275881,-0.001883505782357638
100164.76691745622,0.002571508413989921
100249.09603947397,0.0008419040408414513
100255.22614734976,6.114875961951217e-05
100309.87699161416,0.0005451171611149423
99966.74964779397,-0.0034206735578877928
100486.24725497281,0.005196703994169712
100327.31642563525,-0.0015816177206248784
100044.22688801911,-0.0028216596207470777
100273.47908683261,0.0022915085252255083
100553.29970922199,0.0027905745859985362
100516.65808810382,-0.0003643999871126237
99770.07725445174,-0.007427433898545444
99436.81689573324,-0.0033402836590830107
99136.02278276213,-0.003024977290720388
99123.02997497421,-0.00013106040996205555
99245.53047079188,0.001235842930231283
100032.97750902941,0.007934332503460045
99529.94886457067,-0.005028628128292285
99289.15434435311,-0.002419317230286203
99576.79102158672,0.0028969596843985103
99896.8363751189,0.003214055707647771
99717.8558214116,-0.001791653872152781
99949.5011067199,0.002323007082333878
99560.16665013772,-0.0038953116550974314
99561.18776317223,1.0256240712182057e-05
99715.02838274812,0.0015451866639219131
99711.30174580192,-3.737287153839249e-05
100442.91183850168,0.007337283536472885
100486.16712808315,0.0004306455158430766
100664.93619852584,0.0017790415890263011
100254.49267162663,-0.004077323667992539
99820.19837725547,-0.004331918528515806
99755.15589046989,-0.000651596448844509
100172.76316423477,0.0041863227021910416
100017.12903452897,-0.0015536571498045836
100231.12728249558,0.0021396159841053307
100251.4449422382,0.0002027080837406844
99697.65353643309,-0.005524024178645786
99893.26869033035,0.0019620838300449363
100079.72343121581,0.0018665395910056584
99677.41485194663,-0.0040198810056234074
99605.50744416616,-0.0007214012109692124
99840.77203646522,0.002361963693934706
99988.30305043273,0.0014776629923657744
100158.39013558997,0.0017010698248519376
99704.8672369786,-0.00452805699050688
99537.8422624135,-0.0016751937913735478
99276.29921575652,-0.0026275740031362137
99320.48747287878,0.00044510379084782237
99000.87211090626,-0.0032180204719575627
98936.95735350481,-0.0006455979229137087
99635.79863068654,0.007063500797631654
100009.1819049276,0.0037474811199643193
99351.35038340978,-0.0065777112559842746
99325.4697448919,-0.0002604960920812649
99858.70189447442,0.005368533881108929
97133.77269715618,-0.027287849187122414
97642.59393791699,0.005238355585623257
97312.68899357293,-0.0033786991008639047
97707.46156227589,0.004056742987844369
97898.64914209949,0.001956734693201897
97638.45905406708,-0.002657749522720649
98282.11145193341,0.006592201516718935
98179.14457443726,-0.0010476665180978147
98566.89156267692,0.0039493824265873475
98190.9071285386,-0.0038145104119391383
98005.39153780366,-0.0018893357456417205
97803.52832618036,-0.0020597153733674504
97907.68360013633,0.0010649439313539387
97619.39638951243,-0.0029444799429764797
97889.54349718164,0.002767350728038617
98114.48869034687,0.0022979491488966785
98115.00752102977,5.28801291042366e-06
98029.718390168,-0.0008692771168925721
98117.90905702897,0.0008996319515064989
97705.42677352134,-0.004203944901311421
97773.11977756591,0.000692827474173717
98164.50470379197,0.004002991078902513
98250.13266444631,0.000872290456848009
98237.62114096731,-0.00012734357847363285
98791.88280931387,0.005642050997460723
99182.79730585619,0.0039569495532021225
99148.64539171384,-0.0003443330403056663
99104.45895331915,-0.0004456585182796317
99691.19887147279,0.005920418963490071
99695.56172066594,4.3763634528783555e-05
100464.65072549765,0.007714375560534845
101064.50874100113,0.005970836619364755
100217.67087589396,-0.008379181531247294
99773.83836477088,-0.00442868515346675
99433.76183130108,-0.0034084739952220926
99314.50621807619,-0.0011993472944050731
99826.09195414429,0.005151168299067393
