total_assets,daily_return,annual_rate_of_return,sharpe_ratio,max_drawdown
100420.14506019324,0.004201450601932555,,,
100198.66157304456,-0.002205568285286952,,,
102129.26384833283,0.01926774514728291,,,
103545.97294226778,0.013871725307242233,,,
104026.11536198287,0.004636997519766428,,,
103262.05008230045,-0.007344937153749065,,,
103851.26070366836,0.0057059744688228164,,,
103409.2301311818,-0.0042563813813282225,,,
103639.7169248124,0.0022288802782712835,,,
104785.25615967068,0.011053091120360126,,,
104456.72352584715,-0.003135294466646288,,,
106387.67599713687,0.018485669530041493,,,
106231.53267288784,-0.0014676824433427216,,,
106509.88833916611,0.0026202734656515236,,,
106390.72222318796,-0.0011188267853468048,,,
106977.62554050644,0.005516489643591971,,,
105621.15556437083,-0.01267994096225289,,,
105680.38427376772,0.0005607655879205087,,,
106285.05915600529,0.005721732433060955,,,
106553.47960794884,0.0025254768080766876,,,
107792.06465353802,0.011624069435802742,,,
107711.2194395152,-0.0007500108127872496,,,
108798.57980569021,0.010095144886792529,,,
108986.00725263281,0.0017227012271423536,,,
108358.9511190636,-0.005753547169736084,,,
107544.01100830182,-0.007520745654563621,,,
108386.0506599453,0.00782972146704175,,,
108747.57802124124,0.0033355524912537238,,,
109877.97054378423,0.010394645500263033,,,
109472.08296650568,-0.003693985020562618,,,
110391.99536835046,0.008403168889425716,,,
110889.91529988933,0.004510471342396016,,,
111100.54987161497,0.001899492583757656,,,
110936.85945710508,-0.0014733537745676983,,,
111379.27615473012,0.003988004526089162,,,
112391.43340900166,0.009087482781495515,,,
111758.41229812731,-0.005632289683242475,,,
111765.52173480345,6.36143313952342e-05,,,
111846.0865216731,0.0007208375679650381,,,
112485.60788471522,0.00571786982388689,,,
112630.03194445767,0.0012839336734569162,,,
111332.77230287911,-0.011517883988688693,,,
111238.79230354948,-0.0008441359842721319,,,
110348.21491351785,-0.008005996573582141,,,
108866.22679500897,-0.013430105051271957,,,
109702.75687472458,0.00768401830708032,,,
111097.19089005893,0.0127110207168879,,,
111523.01504709295,0.0038328976063437548,,,
111901.17551088516,0.003390873745948486,,,
112214.4008008222,0.0027991242139058237,,,
112636.93820191348,0.0037654471981833915,,,
113481.92439199859,0.007501856882600855,,,
112797.71574667655,-0.006029230196683888,,,
111994.0926113943,-0.0071244628489378625,,,
112750.37669393884,0.006752892629513507,,,
111238.23502776411,-0.013411411212216562,,,
112086.49035126762,0.007625573376742301,,,
112157.82641688723,0.0006364376776901715,,,
112131.48537367662,-0.0002348569337702333,,,
112802.8201692749,0.005987032039761697,,,
113751.15184331505,0.008406985504591624,,,
113718.34038608096,-0.00028844945042205694,,,
113909.39392291686,0.001680059137226797,,,
113805.46033070522,-0.0009124233623960532,,,
114365.70681499162,0.004922843619791006,,,
114037.10071130244,-0.0028732922905007063,,,
113725.37305215826,-0.0027335635262540903,,,
113838.25222927371,0.00099255930392661,,,
114105.90970415744,0.002351208575696262,,,
114761.14588397097,0.005742350957214759,,,
114945.86400564369,0.0016095876374351281,,,
115393.2650353798,0.003892276017118279,,,
115405.65748693536,0.00010739319623009891,,,
115287.98448303473,-0.0010196467527076036,,,
115008.54315550785,-0.0024238547388951703,,,
115317.6985259168,0.0026881078737857056,,,
115827.26080551157,0.004418769071082851,,,
115141.73345008506,-0.005918532050737224,,,
115032.8527688331,-0.0009456230854746339,,,
115631.67256026954,0.005205641493042146,,,
115915.41056069954,0.002453808668054336,,,
115999.06363700927,0.0007216734677906178,,,
114887.0623974728,-0.009586294963692232,,,
115196.38639641643,0.002692418036362332,,,
113719.07877010076,-0.01282425319516467,,,
114247.48670720402,0.004646607612531772,,,
113202.71837836533,-0.009144781727376206,,,
112380.07931179652,-0.007266955055083124,,,
112345.83023986935,-0.0003047610585159566,,,
111317.75009555205,-0.009151030724702913,,,
111197.29881777245,-0.0010820491581640113,,,
111089.62358175036,-0.0009683260040205255,,,
112845.24762262231,0.015803672604759456,,,
112424.61090535359,-0.0037275536731100622,,,
112304.43745994498,-0.0010689247171136174,,,
113127.76076233467,0.007331173380244582,,,
112925.746399805,-0.0017857187410796893,,,
112222.32543623359,-0.006229057464725574,,,
112573.1839237103,0.003126458894100015,,,
112556.76322930554,-0.00014586683819739488,,,
110711.78957005282,-0.0163914953337283,,,
110573.78005767537,-0.0012465656359942345,,,
109557.44007580135,-0.009191509789607366,,,
109257.95845214666,-0.00273355806276121,,,
110286.83567218592,0.009416954468263183,,,
112353.10243408267,0.018735388945589904,,,
112810.80848728328,0.004073817663104995,,,
113827.59943174821,0.00901324046959151,,,
114951.77479747527,0.009876122938014875,,,
115609.79374091915,0.005724304340695818,,,
114970.83724168577,-0.005526837117842076,,,
115221.8629824079,0.002183386211187077,,,
115157.31885033095,-0.0005601726131333473,,,
115284.22518815885,0.0011020258121225979,,,
115956.04076541898,0.0058274718519697455,,,
116610.2256963379,0.005641663225138593,,,
117966.03164842684,0.011626818694439045,,,
117775.33162668398,-0.001616567236161659,,,
117919.6733518158,0.001225568403316668,,,
117711.271879722,-0.0017673172437649987,,,
117280.69112596754,-0.003657939863180082,,,
116970.56472008335,-0.002644309160414915,,,
117307.3131637613,0.0028789161143558673,,,
118534.20302083119,0.010458767011031656,,,
117958.44239149346,-0.004857337499764025,,,
118724.39248537114,0.006493389352629331,,,
118821.09604065827,0.0008145213739378931,,,
118524.31725629346,-0.0024976943847013766,,,
118096.53989189232,-0.003609194925595971,,,
118868.81633153981,0.0065393655085446145,,,
119303.23291635599,0.0036545882950878017,,,
119804.68106915239,0.004203139684806123,,,
120418.90765254882,0.005126899699702925,,,
120450.78795340048,0.0002647449762926968,,,
120199.2269531182,-0.002088496095016046,,,
119408.16619322605,-0.006581246651450545,,,
120364.5276856222,0.00800917996553574,,,
119498.90780894125,-0.00719165266815025,,,
120019.23013030052,0.0043542014809974106,,,
119803.9067501625,-0.0017940739988437926,,,
120247.67119315107,0.0037040899168170327,,,
120035.54370264901,-0.0017640881390652563,,,
120301.37845568065,0.002214633639600727,,,
120186.01368123386,-0.0009589646929049067,,,
120462.50759191846,0.00230054980788319,,,
119195.27147774871,-0.010519755395285824,,,
117548.39937011381,-0.013816589259099454,,,
115569.1145638849,-0.01683804132455191,,,
114583.83877118882,-0.008525424776456458,,,
113904.2458483486,-0.005930966619099753,,,
115709.8341040399,0.015851808176626347,,,
116588.95413277329,0.0075976258676764274,,,
115952.05885681749,-0.005462741137813976,,,
115175.60188046747,-0.006696362134533729,,,
115417.45870966281,0.0020998963777618673,,,
114006.92922446739,-0.012221110228597842,,,
114796.2965455502,0.0069238538960085805,,,
116834.34659581163,0.017753621951146714,,,
116467.53468424064,-0.003139589703359813,,,
116724.3479466787,0.0022050201640682054,,,
117138.16541647154,0.003545254071428916,,,
116417.47201563738,-0.006152507154878362,,,
115016.94665907855,-0.012030199009739007,,,
116023.22183368882,0.008748929647671488,,,
114680.63193474844,-0.011571734328020056,,,
117067.49374704449,0.02081312050716755,,,
118107.86108155033,0.008886901916204337,,,
116874.27070100667,-0.010444608591225868,,,
117482.80635274434,0.005206754644009326,,,
119033.36681909172,0.013198190564939205,,,
119713.11396971926,0.0057105597261699614,,,
119835.71636654218,0.00102413505719956,,,
119493.29944036691,-0.0028573862330651956,,,
119934.55649638623,0.003692734723083957,,,
121133.89563785667,0.009999946441679342,,,
121120.24414041835,-0.00011269758449050649,,,
120325.87759726682,-0.006558495227524386,,,
119910.86629908545,-0.00344906105376952,,,
120166.13820059269,0.0021288471127423048,,,
120624.87228934593,0.0038174988030945656,,,
120559.0113540149,-0.0005459979694159012,,,
119563.63963799263,-0.008256302907954538,,,
120581.3916659913,0.008512220195706188,,,
119561.32579021071,-0.00845956296976691,,,
120156.55217056478,0.004978419036591131,,,
119996.168159293,-0.001334792055651901,,,
119519.18815650554,-0.003974960285017426,,,
120214.01305860424,0.0058135008513349185,,,
117738.9063415737,-0.020589169715380162,,,
116073.05432288816,-0.014148696216463308,,,
117207.81065580029,0.009776225322334575,,,
118091.11385600873,0.007536214483200299,,,
117168.99009406194,-0.007808578747687589,,,
117472.2020279822,0.0025878172516196063,,,
117298.69510691692,-0.0014770040747508206,,,
119220.58040070262,0.016384541124126795,,,
119232.3064073857,9.835555777093496e-05,,,
119779.73293534873,0.0045912600742001874,,,
120090.36844629515,0.0025933895771339532,,,
120459.0469766015,0.0030700091529090034,,,
120318.77625118819,-0.0011644681651894473,,,
119953.04953009167,-0.003039647945994761,,,
120137.57996539833,0.001538355515174894,,,
119697.34156595322,-0.0036644520355071375,,,
120238.1515912064,0.004518145667881779,,,
119794.71724220463,-0.0036879671147090898,,,
121181.13849982274,0.011573308819745387,,,
121162.27465197998,-0.00015566653421716925,,,
121380.87079531113,0.001804160114681208,,,
121828.93523630126,0.0036913925403099235,,,
121998.29540935851,0.0013901473630115735,,,
123179.98068924085,0.009686080251508855,,,
123146.20356985708,-0.00027420948757073127,,,
123236.57368609305,0.0007338441106281568,,,
123896.33453196184,0.0053536123744346575,,,
123988.96008364069,0.0007476052623247575,,,
123865.67046956743,-0.0009943596106467556,,,
124354.96332737485,0.00395018939430547,,,
124022.14887818505,-0.002676326222007197,,,
124526.15924430847,0.004063873837716336,,,
124929.21716198763,0.003236732909174478,,,
125129.85736787089,0.0016060310825698476,,,
125657.95249712624,0.004220376658008895,,,
125108.08338752706,-0.004375919698450859,,,
124923.35672648986,-0.0014765365756983506,,,
124856.36619513301,-0.0005362530523697062,,,
125411.97266180377,0.004449965056666949,,,
125896.11913607162,0.003860448599859234,,,
126235.319341511,0.0026942864304877467,,,
126152.39822885601,-0.0006568772756114782,,,
126296.97217274344,0.0011460261233016134,,,
123849.984799811,-0.01937486964917534,,,
124564.69643582104,0.005770785011926183,,,
124909.60276128087,0.0027688930758766883,,,
125569.89148796379,0.005286132627807749,,,
125786.43566020661,0.0017244911951173059,,,
125546.59434873532,-0.0019067343009796511,,,
125575.92527833192,0.00023362584822606003,,,
125632.13606281109,0.0004476238925141818,,,
126751.59203828442,0.008910586180860935,,,
127436.9866312996,0.005407384491140421,,,
127644.24822343695,0.001626384910818679,,,
127799.23561869808,0.0012142137026796007,,,
127592.46869260614,-0.001617904247165014,,,
129223.54594831925,0.012783491631020105,,,
129069.20559450338,-0.0011943671153986646,,,
128955.67744287135,-0.0008795913100193564,,,
128885.96958855994,-0.0005405566912112247,,,
129491.60422310172,0.00469899583698008,,,
129442.49654354442,-0.0003792344673767545,,,
128392.70924369546,-0.008110066847295538,,,
129485.68337112197,0.008512742926485073,,,
128785.29097432253,-0.005409033482041581,,,
128442.13026513283,-0.00266459551858389,,,
129278.76224196905,0.0065136881108185385,,,
128641.2044264285,-0.004931651606837284,,,
129968.15502099098,0.01031512881489971,,,
130318.11148665579,0.00269263240374773,,,
129904.58121166429,-0.003173237167681364,,,
130163.96701430336,0.001996740994195001,,,
130368.24820216633,0.0015694142745397155,,,
131335.1914445287,0.0074170149227048565,,,
132125.04585026036,0.006014034753703212,,,
131820.17930327804,-0.002307409204821198,,,
132044.85096378587,0.001704379873364692,,,
131324.22559041815,-0.005457428806257325,,,
132108.5741416205,0.005972611280790074,,,
128556.9087043448,-0.026884443045069317,,,
129318.65262424771,0.005925344095312424,,,
130408.19410219106,0.008425246132970132,,,
128907.46949509955,-0.011507901151637023,,,
129534.4293804831,0.004863642796179235,,,
128240.89802721117,-0.009986004180189245,,,
130119.4817746336,0.014648866128680993,,,
131291.05365434015,0.009003816059886427,,,
132619.71836407605,0.01011999426277721,,,
131970.06526230575,-0.004898616207182904,,,
130995.34769955899,-0.00738589892192143,,,
132739.64449521253,0.013315715605825451,,,
132749.60537245465,7.504071055786099e-05,,,
132402.65051159626,-0.0026136037081612162,,,
132724.77632710082,0.0024329257326789477,,,
132256.75776911282,-0.0035262335408616785,,,
132318.56511906063,0.000467328482796292,,,
132248.49511505276,-0.0005295553495824334,,,
131509.45857317245,-0.005588241599553734,,,
127147.32128407704,-0.033169760840193074,,,
127417.94146672657,0.002128398616003002,,,
123755.95142556446,-0.028739987469648343,,,
120438.12078091217,-0.02680946335455925,,,
114129.333407008,-0.0523819811617654,,,
116955.93632948746,0.024766664608468547,,,
121762.25504974819,0.041095124121963256,,,
120372.05045792427,-0.01141736896426504,,,
120137.41392734833,-0.0019492608930671285,,,
115919.26059234164,-0.035111071539774996,,,
110417.4233342734,-0.047462666945545795,,,
113525.25383811271,0.02814619658738815,,,
112026.75829487326,-0.01319966696904551,,,
101511.05141075347,-0.09386781376321429,,,
104039.11309139042,0.024904300029436444,,,
95615.22829153111,-0.08096844109445234,,,
97159.75598550933,0.016153574295393103,,,
94312.98692960717,-0.029299878607421892,,,
94399.31569229288,0.0009153433211710471,,,
96390.26433492954,0.021090710542081004,,,
90639.11117244221,-0.05966529091053907,,,
94487.96466348546,0.042463495518184846,,,
100260.07590099075,0.061088322285937746,,,
101553.65050938643,0.012902190595518004,,,
103144.46861292199,0.015664804717074432,,,
103357.20071328113,0.0020624673646578717,,,
105810.18197678206,0.02373304662444986,,,
100636.1868352084,-0.048898839836689745,,,
99344.20402279764,-0.012838153481772752,,,
102022.61258872479,0.026960894118317258,,,
105033.31097570741,0.029510108696386705,,,
112043.44176364654,0.0667419766435855,,,
109183.1334505391,-0.025528565242945667,,,
112779.6014786264,0.03293977663424119,,,
112461.50370236546,-0.002820525805114049,,,
113448.524142771,0.008776518256573773,,,
111437.79901535563,-0.017723678140448396,,,
111553.65272673074,0.0010396267011620886,,,
114161.13011017558,0.023374199945135787,,,
113107.14402012137,-0.009232442680245256,,,
110190.52900936145,-0.025786302324467436,,,
111304.46088912245,0.01010914358770676,,,
111673.0030617605,0.003311117718859169,,,
112102.00045826122,0.003841549745585926,,,
112961.18328028769,0.007664295182193248,,,
116040.88052621542,0.027263323174352427,,,
116297.93682417336,0.0022152218838074056,,,
115559.38968807823,-0.006350474963384034,,,
113303.85193689345,-0.019518429071605503,,,
111159.72402814426,-0.018923698286474777,,,
113142.56116615514,0.017837729945324732,,,
113186.21392222865,0.00038582082307114796,,,
112712.33082576234,-0.004186756319916496,,,
114185.25601075687,0.013068003954877616,,,
114032.81466517333,-0.0013350352830945322,,,
115011.27525324053,0.008580517730270687,,,
111464.20656747723,-0.030841051696480104,,,
108472.5362240784,-0.026839740177827975,,,
110241.37202458899,0.016306761712076012,,,
114771.0352734643,0.041088596465082006,,,
115590.72547623915,0.007141960520106627,,,
115501.96811971618,-0.0007678588066410974,,,
115861.67851671793,0.0031143226635663712,,,
115392.32008781924,-0.004051023901150974,,,
118306.96910584194,0.025258604869063284,,,
119621.38162481935,0.011110186736349226,,,
121473.87744556999,0.01548632690567664,,,
119198.8210850449,-0.01872877040205212,,,
119723.82281164157,0.004404420461693093,,,
120935.20512146699,0.010118139242273116,,,
122558.5701151521,0.013423427793872067,,,
123388.53448590376,0.006771981510324876,,,
127200.77135671517,0.030896200256328665,,,
127927.84195172119,0.005715929135107656,,,
128298.47793087339,0.0028972268545894853,,,
127976.74770241782,-0.002507669877649721,,,
123430.25642861355,-0.035525916663987744,,,
121592.96416665829,-0.014885266506902695,,,
117739.46148663426,-0.03169182284874905,,,
125031.45879216635,0.06193333325513706,,,
124094.40424031811,-0.007494550258794197,,,
122095.76698009216,-0.016105780695440886,,,
124762.92798319507,0.021844827786190235,,,
121873.94811686479,-0.023155755584057913,,,
123843.83032337329,0.016163275555983292,,,
121855.06104227068,-0.016058686782455367,,,
119247.5270054269,-0.021398651927466816,,,
120390.97771529343,0.009588884051360491,,,
118901.0295555514,-0.012375912115819232,,,
120113.57534043478,0.01019794184638978,,,
121912.2176840647,0.014974513401437628,,,
122947.55871266792,0.00849251246734184,,,
123554.30006904781,0.004934960585901926,,,
123008.16920945367,-0.004420168778334177,,,
122548.8202868703,-0.0037342960677775316,,,
122741.49405479952,0.0015722205034549575,,,
121036.50974382118,-0.013890855118784295,,,
123805.86430851406,0.022880324048953016,,,
122240.7510559672,-0.012641673003846887,,,
126640.32916867652,0.03599109196159134,,,
125268.81118216111,-0.010830025439120816,,,
126082.34473759349,0.006494302514369554,,,
125540.09893265378,-0.004300727481458599,,,
126563.45574630625,0.008151633002945635,,,
126353.16173761095,-0.0016615697434561039,,,
127007.16115406451,0.005175964000107003,,,
125109.38715558269,-0.014942259800451274,,,
124316.18398484495,-0.006340077181829162,,,
124563.3315814107,0.001988056491469381,,,
124325.32929631785,-0.0019106929950513107,,,
123603.19023232411,-0.005808462910020462,,,
123503.97007817561,-0.0008027313369662892,,,
124114.64963364518,0.004944614777023126,,,
124306.08801611529,0.0015424318002361659,,,
125889.69455821108,0.012739573478416366,,,
126292.99026229471,0.003203564084406807,,,
126878.4884078495,0.0046360304268573405,,,
127977.62121441127,0.008662877532309654,,,
130516.3008925465,0.019836903155763252,,,
129984.43266603533,-0.004075109567724056,,,
129016.02099653825,-0.007450212688046909,,,
128621.63963603617,-0.0030568402083386292,,,
129428.29570056022,0.006271542384366002,,,
129180.96175049666,-0.0019109727801390752,,,
128860.64263428979,-0.0024796155088668836,,,
127623.10351196477,-0.009603701308841028,,,
128111.0105944025,0.0038230310109328425,,,
129342.20289442285,0.009610355068685683,,,
131281.47929292635,0.014993376911064837,,,
131271.79393082255,-7.37755405862961e-05,,,
132284.814429593,0.007716970024073122,,,
133581.54108781685,0.009802536019083208,,,
133658.14108539722,0.0005734325038966315,,,
132499.62618347985,-0.008667746629643536,,,
134011.10726164276,0.011407436546801097,,,
135837.48325493422,0.01362854192172036,,,
133162.90635457748,-0.019689535143530335,,,
130616.90467837422,-0.01911945109867108,,,
130319.26046265657,-0.0022787572286340207,,,
131404.68778270457,0.008328986185115905,,,
129582.55886459579,-0.013866544252377877,,,
130576.42682803205,0.0076697664573424085,,,
132030.38161347463,0.011134894871625,,,
131494.81549789486,-0.004056385424588638,,,
129973.06717694835,-0.011572686840804591,,,
130655.10527984702,0.005247534106201712,,,
127808.31761483647,-0.021788568145983178,,,
127507.16933363694,-0.002356249474365857,,,
128773.35592383782,0.009930316834873443,,,
125384.33643066195,-0.026317707330546614,,,
125193.44981508618,-0.0015224119775226752,,,
129186.24461526646,0.03189300084052116,,,
129320.14552858818,0.0010364951293420077,,,
128965.28439186694,-0.0027440514799204063,,,
130794.53830101267,0.014184079985334996,,,
128153.64160979576,-0.02019118478127202,,,
130495.69701360792,0.018275371455641398,,,
131960.52728617453,0.011225123173324691,,,
130955.992705051,-0.007612386838566243,,,
133019.56568026057,0.01575775901953036,,,
133894.00866395538,0.006573792202845707,,,
134233.80887164443,0.0025378298183742487,,,
134840.80773063313,0.004521952137774177,,,
134199.3976150248,-0.00475679526400985,,,
131940.91351145552,-0.01682931625407247,,,
133985.9791030653,0.015499859271720151,,,
134295.3880297811,0.0023092634676185053,,,
132634.30100248352,-0.012368905974114552,,,
132217.1679215937,-0.003144986460794974,,,
132190.66615403545,-0.00020044119818063422,,,
133130.66798331976,0.007110954628135158,,,
131340.58676518008,-0.0134460469947012,,,
129532.4033812361,-0.013767133438932877,,,
125902.37132149441,-0.028024123423834535,,,
123984.63548743073,-0.015231927833723735,,,
124145.16907891564,0.0012947861713170639,,,
126039.86456612978,0.015261934888579853,,,
127863.05316303282,0.014465174198489139,,,
129001.56843842851,0.00890417714290015,,,
131296.79475910266,0.017792235772463805,,,
132242.89075315685,0.0072057813428731965,,,
139881.52725398508,0.05776217123903038,,,
137712.2776920942,-0.015507762922491786,,,
139386.5957531556,0.012158088509761855,,,
137558.2872056903,-0.013116817564746919,,,
138107.29555898128,0.003991096170527619,,,
141170.88599858174,0.022182683595394215,,,
140241.40846334913,-0.0065840596569036736,,,
141083.6356124679,0.006005552556461069,,,
138514.81034875556,-0.018207818735040515,,,
138883.46253374545,0.002661464027288396,,,
139135.8145924325,0.0018170058125224209,,,
141357.87362088394,0.01597043173219248,,,
142065.47144188898,0.005005719192570757,,,
142046.6043303058,-0.00013280575069851697,,,
141074.74039348462,-0.006841866733831026,,,
142067.4995819569,0.007037115118576631,,,
141234.16743770044,-0.005865747948746836,,,
142587.7283166091,0.009583806124716432,,,
143611.83784291273,0.007182311818795695,,,
144102.8419508084,0.003418966815484481,,,
143207.61499263204,-0.006212417090857625,,,
144824.7989141221,0.011292583299940206,,,
143235.94980200173,-0.01097083596202697,,,
143059.87559347437,-0.0012292598943963728,,,
144761.93073953368,0.011897501930562049,,,
143706.9905803125,-0.007287414265835568,,,
144311.8695889292,0.004209113322699798,,,
144750.00828263996,0.0030360544490124486,,,
144775.94608663928,0.0001791903455277133,,,
142650.23003839082,-0.014682798529089602,,,
143646.7878787681,0.006986023367148375,,,
143364.54058118587,-0.0019648702330917756,,,
143648.6959280593,0.001982047622944183,,,
144622.73667793607,0.006780714183194592,,,
145450.55897939895,0.005724012146903101,,,
144964.4027739245,-0.003342415518274633,,,
144789.4996531231,-0.0012065246188346368,,,
146103.73344770222,0.009076858458159531,,,
143961.86974211968,-0.014659883461152101,,,
145119.70548256187,0.008042655617881422,,,
147544.2485733494,0.016707194124500724,,,
148400.65527131746,0.005804405839257676,,,
147378.73821481978,-0.0068862031278051905,,,
148294.9755979544,0.006216889859642638,,,
149002.92093825937,0.004773899705302842,,,
149296.28024795378,0.001968815831576709,,,
147871.66745374582,-0.009542185457279584,,,
148861.51601904345,0.006693970402459115,,,
148852.21778074175,-6.24623378181477e-05,,,
149500.92000324317,0.004358028601609165,,,
148343.11825643733,-0.007744445631376218,,,
147884.46808124188,-0.0030918196987244073,,,
148544.72077823096,0.0044646520730382555,,,
146931.73836132628,-0.010858564400365145,,,
146410.41785301318,-0.0035480456035380525,,,
145765.91388039602,-0.004402036289959832,,,
145180.79591043587,-0.004014093242952876,,,
146200.4775919018,0.007023530041087467,,,
146732.5806547354,0.0036395439440277677,,,
147672.56939511967,0.0064061351350188644,,,
149901.19677243472,0.015091681457454875,,,
150311.65996383518,0.00273822491239728,,,
150569.04788512868,0.0017123616448346812,,,
151208.65227013663,0.004247914123066687,,,
151125.57878171426,-0.0005493963948172143,,,
150777.16721504906,-0.0023054440517209507,,,
151787.74705128316,0.0067024726283173575,,,
150905.02493510034,-0.005815503117551302,,,
150983.6711391426,0.0005211635866735342,,,
151850.98110464393,0.005744395794311075,,,
150439.25385196778,-0.00929679375402459,,,
151535.3395819961,0.007285902462045302,,,
151270.65394786219,-0.0017466924538132034,,,
153342.99472090197,0.013699555855387846,,,
151175.69693281205,-0.014133660243394908,,,
150613.5639857841,-0.003718408172960319,,,
151524.4258792132,0.00604767505212922,,,
150442.38099182988,-0.0071410591467666595,,,
150376.06224406595,-0.00044082490137886676,,,
149902.6247306491,-0.0031483569017017876,,,
152223.7084575881,0.01548394320052493,,,
153624.04131068976,0.009199177101192557,,,
154148.78840194186,0.003415787573188833,,,
155956.31579839552,0.011725861845508279,,,
156197.48069736856,0.0015463618625410902,,,
157749.31963568935,0.009935108629104406,,,
158446.71610713092,0.004420915874960185,,,
158160.27586900015,-0.0018078016709232037,,,
158321.45306010058,0.0010190750503871193,,,
157288.40523098691,-0.006525002197406038,,,
156006.96669641393,-0.008147062923621884,,,
156904.7405974514,0.0057547039087331164,,,
156604.6380907563,-0.0019126414253155533,,,
155304.50233018165,-0.008302025894157739,,,
157480.97277001868,0.014014213414172527,,,
158731.4890144372,0.007940744982854131,,,
159462.4715429947,0.004605151335101532,,,
159417.27465845458,-0.0002834327356322497,,,
159428.36102385723,6.954306191975235e-05,,,
160756.22718840788,0.00832892062631152,,,
161441.46121911905,0.004262566014989089,,,
161329.08686992154,-0.0006960687071891902,,,
161446.94099838886,0.0007305200243421517,,,
161799.21795406681,0.0021819983302220347,,,
162411.02943163094,0.0037813005853823967,,,
161721.86104993627,-0.004243359481843512,,,
161756.3944360589,0.00021353567104931415,,,
162526.82095050998,0.004762881350916848,,,
164022.96695829622,0.00920553296395199,,,
163580.7794558282,-0.0026958877202877263,,,
162736.62757212782,-0.005160458866307782,,,
162080.6976077155,-0.004030622817973839,,,
163536.79054226063,0.008983752883821694,,,
161644.86439292983,-0.01156881055973702,,,
163082.53652796138,0.008894016772081459,,,
162238.49208275744,-0.005175566085576677,,,
162122.20679341865,-0.0007167552400541011,,,
162414.13617747373,0.0018006748725489796,,,
161981.1494772246,-0.0026659422045381964,,,
162888.2077498805,0.005599776736881612,,,
162821.48367031562,-0.00040963112361913634,,,
163405.7049220017,0.003588109127349748,,,
163831.31558984664,0.0026046255119924755,,,
164940.11861894806,0.0067679553515722635,,,
166752.3361499624,0.010987123970736201,,,
164927.5939888064,-0.010942828168326146,,,
163111.6857649066,-0.011010335990368159,,,
161106.40449531228,-0.012293915424824609,,,
163900.03552621842,0.017340285382555498,,,
164409.25998674586,0.0031069209893246352,,,
164625.7412853249,0.0013167220544421099,,,
161622.11663984208,-0.01824517005683235,,,
162491.171606944,0.005377079481260205,,,
164316.44754977323,0.011233077617561094,,,
164617.4050786263,0.0018315727569626628,,,
165398.11258656665,0.004742557493039534,,,
164742.36353513203,-0.003964670703793027,,,
165082.4931637623,0.002064615447609164,,,
165530.24668826375,0.0027123016857837356,,,
166464.97042580278,0.005646845553848312,,,
165582.0638279781,-0.005303858196509914,,,
165046.77919452544,-0.003232745268888282,,,
166108.37160739015,0.006432069853441469,,,
166913.1793450105,0.004845076318745534,,,
166149.45618969758,-0.004575571313840343,,,
165999.54881656126,-0.0009022441395484249,,,
166171.193351578,0.0010340060333924317,,,
166326.52622314612,0.0009347761692934942,,,
165830.04958969844,-0.0029849516172880675,,,
165757.5228806286,-0.00043735564965030616,,,
165355.69829097163,-0.002424171058265201,,,
163876.50016533112,-0.00894555277458664,,,
161322.2389538202,-0.015586500864577801,,,
161311.1469598991,-6.875675661965897e-05,,,
163014.25613993942,0.010557913771846783,,,
163384.0866288224,0.0022687002820507285,,,
163621.61552730578,0.0014538068142646576,,,
165199.02672940187,0.009640604005849429,,,
165691.36640959026,0.0029802819661575164,,,
165468.6774347207,-0.0013439986626645473,,,
164788.9702492692,-0.004107769494439029,,,
166128.2234406376,0.008127080285425636,,,
166538.66080477706,0.0024706058708086065,,,
166694.3910927934,0.0009350999177235586,,,
165781.0944172882,-0.005478868662094349,,,
164521.46773462862,-0.007598132266451119,,,
166214.34865373737,0.01028972657744176,,,
167026.98696409378,0.004889098425848504,,,
167569.92487976677,0.0032505999511904804,,,
167935.34170273403,0.002180682620878782,,,
167158.0724129107,-0.0046283842456413815,,,
168259.97437400484,0.006591975757965551,,,
164384.10775902183,-0.023034988739317197,,,
163816.64487853475,-0.003452054387878878,,,
166565.12406411773,0.01677777729864327,,,
166953.45407301147,0.0023314004721917136,,,
167628.3542300967,0.00404244500859563,,,
167627.8309737883,-3.1215262525918774e-06,,,
167697.0189726681,0.0004127476832329613,,,
168308.4194330302,0.0036458636182541415,,,
168384.1112950376,0.0004497211860368111,,,
167937.07700542916,-0.0026548484068379397,,,
168321.30571314658,0.002287932567178075,,,
167584.7502105416,-0.004375889905822272,,,
167744.82633840243,0.0009551950738937443,,,
167374.25527159747,-0.0022091355953797187,,,
168608.50236189063,0.0073741752475036115,,,
168625.57717085766,0.00010126896762541193,,,
168513.5944007997,-0.0006640912484142669,,,
169686.0955212549,0.006957902266724547,,,
170269.24540218478,0.0034366391609077507,,,
170687.30923256112,0.0024553102904101287,,,
170112.24256624043,-0.0033691237439168464,,,
170000.54181576436,-0.0006566296980805575,,,
169422.437403718,-0.003400603350269704,,,
166777.34739236944,-0.015612394980751954,,,
167695.53839681056,0.005505489916930673,,,
169399.0266450756,0.010158220454465239,,,
169996.0412408689,0.0035243094816841403,,,
170005.93565206564,5.8203774185194845e-05,,,
170205.4674351147,0.0011736753912958697,,,
169325.74557233823,-0.00516858756674099,,,
170225.96048007876,0.005316467998990548,,,
169934.38693546652,-0.0017128617972836935,,,
170244.84199270816,0.001826911332310388,,,
170435.32362354288,0.0011188687340253356,,,
170179.76624315933,-0.0014994390537728108,,,
169915.3625838749,-0.0015536727139855433,,,
168746.07160149695,-0.006881608376057002,,,
168725.50279672164,-0.00012189205105694878,,,
168900.28253415908,0.0010358821549816266,,,
167839.1716766842,-0.0062824694047523,,,
168386.87760608582,0.0032632783153665468,,,
166411.82114331654,-0.011729277784873537,,,
167796.55732221736,0.00832114070615364,,,
166659.56699505646,-0.006776005093939719,,,
163978.9540051034,-0.01608436310189476,,,
164423.64674707904,0.002711889124270117,,,
164479.34985832995,0.00033877798207826437,,,
165954.79477339657,0.00897039607912764,,,
166837.38407123706,0.005318251268639829,,,
167592.46855560236,0.004525871036451301,,,
167097.96949631404,-0.0029506043054927655,,,
165663.73822633227,-0.008583175931490938,,,
166516.5539723647,0.005147872160576883,,,
164601.89813734515,-0.011498291246990977,,,
165806.2511785086,0.007316762776079955,,,
165239.20137435675,-0.003419954314878959,,,
164795.0656497058,-0.0026878350957697528,,,
167546.40941935987,0.01669554703477849,,,
168090.1273071906,0.003245177797095211,,,
167925.33187963377,-0.0009803992072399126,,,
166785.63517515722,-0.0067869254252447275,,,
165822.5582206112,-0.005774339939615403,,,
167009.83061133057,0.007159896720082104,,,
169260.72717746618,0.013477629178451966,,,
168802.70883615885,-0.0027059929904891256,,,
169645.22764840824,0.004991145095113003,,,
170189.96323399394,0.003211028056236742,,,
170664.84542911375,0.0027903067025574213,,,
170479.43362634897,-0.0010864088752349232,,,
170774.76878592008,0.0017323799902950743,,,
171214.54975722323,0.002575210462468558,,,
171031.25438754307,-0.0010705595402964452,,,
169679.03501720974,-0.00790627055373938,,,
170193.94046838797,0.0030345849805546443,,,
171436.8325064972,0.007302798411557232,,,
171808.02338486887,0.0021651757848337727,,,
171841.95305859167,0.00019748596750224223,,,
173072.21875791447,0.007159286061555248,,,
173370.11551438653,0.0017212280434721894,,,
174491.7596122859,0.006469650750196898,,,
174008.86886965402,-0.0027674128778623075,,,
173293.855178557,-0.004109064645622329,,,
172903.2243666462,-0.002254152702115708,,,
172551.39791025143,-0.002034817208779849,,,
173185.64432913924,0.0036756956279062614,,,
172987.33485785252,-0.0011450687616453292,,,
172307.16064879895,-0.0039319306792747755,,,
171303.32130745173,-0.0058258712961631876,,,
170522.27307140533,-0.004559445958695618,,,
169977.83612409583,-0.0031927614938696003,,,
170249.1141067005,0.0015959609134370556,,,
170070.73176577446,-0.0010477725059657716,,,
167143.99017975747,-0.017208966855318586,,,
168101.72453645203,0.005729995769901963,,,
166200.1200572881,-0.011312224692564543,,,
166069.29907771706,-0.000787129272385223,,,
163282.68297639242,-0.016779838999745333,,,
165977.36905575535,0.016503195747662458,,,
167056.23120876594,0.006500055755481737,,,
170311.26634895575,0.019484667627405416,,,
170990.08903395536,0.003985776746024294,,,
170478.30228626452,-0.0029930784326874793,,,
171736.64912991464,0.00738127272957656,,,
171824.48962526137,0.0005114836919886123,,,
170313.25036148936,-0.00879524954252986,,,
170751.51387688762,0.002573279028308395,,,
172866.22847118828,0.012384748728057504,,,
171803.53480365465,-0.00614749148478555,,,
168580.94364210186,-0.01875742059228125,,,
169925.23548479783,0.007974162521891648,,,
171230.4875431798,0.007681331467089603,,,
172850.80795833076,0.009462803256589103,,,
173445.219759626,0.003438871986288561,,,
174752.22410031807,0.007535545473685623,,,
175383.09409152507,0.003610082758344957,,,
176049.40614761412,0.0037991806424702013,,,
175233.31359859367,-0.004635588195828211,,,
175313.3557270963,0.0004567746101404868,,,
177212.72401795053,0.010834133446232741,,,
177975.67214688432,0.004305267204495422,,,
177080.73529411506,-0.005028422379159014,,,
176116.34530217847,-0.005446046913769709,,,
176521.20578629716,0.0022988240155905615,,,
176281.64906798088,-0.001357098810022217,,,
177552.5537900767,0.007209512327659873,,,
177702.53974336543,0.0008447411771168589,,,
175458.01236226535,-0.012630812054468032,,,
174438.77704105916,-0.005808998446316549,,,
173877.57853825644,-0.0032171660012878522,,,
172580.1386483296,-0.007461801002947466,,,
170770.19474775274,-0.010487556185506453,,,
166548.96658045676,-0.024718764146935746,,,
167339.4814128589,0.0047464409334552204,,,
169840.41686438647,0.014945280279417661,,,
168501.32633309654,-0.00788440440745719,,,
167256.03975975592,-0.007390366594972164,,,
169024.74794914527,0.01057485393011759,,,
171627.97776291965,0.015401471354701268,,,
172491.33138287396,0.0050303780957374755,,,
173051.23180707826,0.0032459626794896224,,,
170844.48024556157,-0.012752013022229391,,,
171297.91295226838,0.0026540670559276336,,,
171532.55241568334,0.0013697742101523858,,,
173827.3167417043,0.013378010725684009,,,
172936.33033653826,-0.005125698433750658,,,
172032.91214768935,-0.005223993056235443,,,
169393.74710207808,-0.015341047318582657,,,
170160.82938325603,0.004528397855888322,,,
170336.57291335336,0.0010328083774291397,,,
169741.28768447752,-0.003494758751420024,,,
167945.2261040115,-0.010581170939415796,,,
166744.05656548147,-0.007152150533806356,,,
166307.98880128463,-0.002615192248400122,,,
159600.76506595814,-0.040330135573587556,,,
164354.9528873805,0.029788001451356516,,,
165304.9969617511,0.005780440794027175,,,
166358.4097774335,0.006372540667516136,,,
165003.5567335773,-0.008144181263026073,,,
167816.4751952091,0.01704762319865405,,,
165060.56682707526,-0.01642215619728682,,,
165301.84067376165,0.0014617291781091613,,,
162613.79653612818,-0.016261428951287793,,,
164602.4795032634,0.012229484886870479,,,
162677.4406329106,-0.011695078203938114,,,
164513.33249168124,0.011285472968027621,,,
162969.80845267428,-0.009382364429855627,,,
163200.24993241765,0.001414013318977947,,,
166454.98416042447,0.019943193894339295,,,
166844.2353285165,0.0023384770967078694,,,
168994.43256092112,0.012887452947780265,,,
170069.6592846191,0.006362497908387388,,,
170673.1380383796,0.003548421019357484,,,
170304.70727393826,-0.0021586921566913997,,,
169620.4812028204,-0.004017658008813929,,,
171042.18657211066,0.00838168456549937,,,
171423.7292642182,0.002230693490033575,,,
173753.49971812274,0.013590711530453436,,,
173663.86233536876,-0.0005158882146224508,,,
173041.58567059768,-0.0035832248367790864,,,
171391.78139666613,-0.009534149074847953,,,
171089.69704705893,-0.001762536961489758,,,
171315.89790593722,0.0013221185307030758,,,
169222.80567169876,-0.01221773495526779,,,
169478.83720673557,0.0015129848132497958,,,
170350.21859579787,0.0051415350932539905,,,
170181.80436890599,-0.0009886352261836429,,,
169394.18423282958,-0.0046281101495966315,,,
168203.7501451511,-0.007027597157894361,,,
170406.18914320756,0.013093875708216185,,,
169055.79522282208,-0.007924559120623398,,,
169336.78573000105,0.0016621169762836008,,,
172650.06922639883,0.019566235901516738,,,
174116.53160551406,0.008493841825178983,,,
170793.47613407136,-0.019085238149422534,,,
166131.16727026334,-0.027297932973435968,,,
166705.4770064647,0.0034569656352747558,,,
164233.55872538744,-0.014828056794927047,,,
164567.72674176467,0.002034712143916817,,,
165948.39759007574,0.008389681717348996,,,
162203.21430539252,-0.02256836064144785,,,
162626.4610969448,0.0026093613086817236,,,
163063.397638922,0.0026867493704898493,,,
166257.55910354163,0.019588463817567403,,,
161691.1368493423,-0.027465952699061713,,,
160357.05977744734,-0.008250774271801875,,,
161153.73341580926,0.004968123258605406,,,
158732.59305396822,-0.015023793185070078,,,
156196.23550851896,-0.01597880748150382,,,
158023.3859082662,0.011697787682261929,,,
158806.89354444502,0.0049581752199236995,,,
161030.3053959989,0.014000726303053268,,,
160127.90551865677,-0.005603913344901068,,,
153496.36157344285,-0.04141404287862416,,,
154481.50891226044,0.006418050100466033,,,
154766.0711284802,0.0018420471046884934,,,
155695.79542696808,0.00600728759028879,,,
156072.05364957222,0.0024166241713357017,,,
158701.25674447394,0.016846085083272122,,,
160907.54635354603,0.01390215587658794,,,
162404.8289730134,0.009305235543008994,,,
163778.34434218222,0.008457355473075578,,,
161929.1487108845,-0.011290843357374403,,,
162678.53315485653,0.004627853909798585,,,
163477.86202082515,0.004913548520920852,,,
161081.11967250207,-0.014660959708524768,,,
162680.37518102676,0.009928261684399642,,,
161519.13413499243,-0.007138175362222499,,,
156478.6990448375,-0.031206427134151782,,,
151644.35371813,-0.03089459048558585,,,
151029.69082699745,-0.0040533186766390505,,,
151173.4387345148,0.0009517857497438609,,,
148885.857193928,-0.015132165807276277,,,
147758.86719740246,-0.0075694899285001505,,,
150104.3491782987,0.015873713878455264,,,
149268.12614952427,-0.005570944701816294,,,
151215.86105284968,0.013048565380758825,,,
152871.48334865982,0.010948734374044866,,,
156003.541218809,0.020488176091061794,,,
155861.40355742886,-0.0009111181725085515,,,
152947.14264165133,-0.018697771541007158,,,
150650.74513858248,-0.01501432104847622,,,
151002.58936710554,0.0023354961052426404,,,
150693.41505632747,-0.0020474768815150757,,,
152399.3262953467,0.011320409975323464,,,
153589.7482869402,0.007811202454310662,,,
154001.75372905325,0.0026825061353921154,,,
153179.36805827482,-0.005340105881036394,,,
152631.36391561342,-0.003577532337468048,,,
150516.93156457334,-0.013853196989113581,,,
149102.57080628362,-0.009396688755131555,,,
152772.66128978948,0.024614535240134128,,,
155041.7440493233,0.014852675474636534,,,
153812.55260534378,-0.00792813220411448,,,
156181.98768222885,0.015404692508839801,,,
155766.49884546522,-0.0026602865217018046,,,
157542.5369405465,0.011401926012622798,,,
156616.2706735062,-0.00587946776171222,,,
156054.80860417656,-0.0035849536380552216,,,
156074.7691535927,0.00012790730125322725,,,
157860.8156561857,0.011443531278494845,,,
158740.59778470235,0.005573150783870107,,,
159623.43538445598,0.005561511119865026,,,
159883.3327561097,0.0016281905663022567,,,
159001.56339458504,-0.005515079941883272,,,
160115.28178615737,0.007004449313548378,,,
158649.5456079698,-0.009154255370484421,,,
160643.1543718969,0.012566117074507055,,,
160131.38655165344,-0.0031857430977649814,,,
162111.00805742736,0.012362482761212767,,,
163795.05087539644,0.010388207674166816,,,
163526.55866306945,-0.0016391961227890661,,,
164216.9477186011,0.004221877236187277,,,
165729.09720840445,0.009208242576731696,,,
165931.95587586658,0.0012240377271048875,,,
166363.8791844649,0.0026030146292099765,,,
165413.92255688427,-0.005710113470769218,,,
163045.46779924422,-0.01431835193210873,,,
161396.38716684666,-0.010114237793031111,,,
160850.54731240944,-0.003381983103952324,,,
161341.14607095552,0.0030500285311010344,,,
162933.61194350256,0.009870178260954487,,,
156740.17561173308,-0.03801202378007218,,,
157353.63601006623,0.003913868259614484,,,
155699.317017387,-0.010513382687727724,,,
153323.9676515454,-0.015256003759967274,,,
155856.92564687337,0.016520300342634853,,,
153347.68382759902,-0.016099649142057193,,,
151887.28508409287,-0.009523448330318374,,,
153302.4653033666,0.009317305385307284,,,
155889.92812971282,0.016878155359249858,,,
157854.4372819967,0.012601899146744477,,,
155649.6719470655,-0.013967078613016937,,,
152676.58363391008,-0.019101153738162346,,,
152167.28726202162,-0.0033357857489767495,,,
149777.88642338206,-0.015702460638107985,,,
149432.76322211174,-0.0023042333518764613,,,
150254.96317294816,0.005502139779175019,,,
150556.49503711483,0.0020068013581659994,,,
147256.64346302405,-0.021917696564849654,,,
145383.53043467915,-0.012720057881906333,,,
143542.37132294296,-0.012664151890047992,,,
143851.73152312683,0.002155183848035147,,,
142472.1973499214,-0.009589972665596025,,,
143462.228600998,0.006948943509623939,,,
141161.68663794562,-0.016035872197766587,,,
140787.71086175527,-0.002649272512232903,,,
144982.39892127883,0.02979441908564362,,,
145514.78136813722,0.0036720488198533907,,,
146239.86493549024,0.004982886003303211,,,
143651.04524777934,-0.017702557977969158,,,
142474.85890329944,-0.008187802201168437,,,
141026.3643754083,-0.01016666757237683,,,
141472.86730165628,0.003166095419289139,,,
138953.57276060194,-0.017807616323224473,,,
146476.28827444752,0.054138338182971424,,,
145873.38590399516,-0.004116040743213811,,,
149062.88925269872,0.0218648750005892,,,
147414.16682825243,-0.01106058276954025,,,
147666.7077026269,0.0017131384303701314,,,
146750.8731870565,-0.006202037885308043,,,
151158.56002037667,0.030035165976163514,,,
152084.14052490954,0.006123242404585616,,,
154301.29587487527,0.014578478349638324,,,
155938.24184700436,0.010608763606603233,,,
156206.80503539907,0.0017222407102563952,,,
158593.027058467,0.015276043975978926,,,
159861.1470541937,0.007996064008912507,,,
157983.7144475496,-0.011744145724211674,,,
154653.33838462736,-0.021080502345245944,,,
156805.78180960394,0.013917859436201718,,,
157713.93158451168,0.005791557966978722,,,
159628.33811076108,0.012138474432891622,,,
159278.17438950267,-0.0021936187860042144,,,
161613.49223377352,0.014661882290036843,,,
163696.57996455513,0.012889318224547974,,,
164052.59050494235,0.0021748196600337444,,,
165495.96378134162,0.00879823519980194,,,
164096.28643246557,-0.008457471208937473,,,
162261.40638513095,-0.011181728040443928,,,
165159.66623046284,0.017861670929024243,,,
165271.939127987,0.0006797839937959793,,,
165967.6732276757,0.00420963233903815,,,
166876.49561592276,0.005475900038679926,,,
167541.9273493612,0.003987570154696751,,,
167008.88682404728,-0.0031815351162961525,,,
165368.69202074362,-0.009821003148363538,,,
165803.7362006432,0.0026307529834306287,,,
169472.66277879543,0.022128129692520204,,,
166815.32814784884,-0.015680019345746032,,,
167802.0165000693,0.005914854247362378,,,
166377.19857867778,-0.008491065549208865,,,
164096.50140641793,-0.013707991189558011,,,
164916.2372767168,0.004995450014309677,,,
164962.23491609094,0.000278915164047433,,,
164360.98537155765,-0.003644770846121914,,,
170153.30487460893,0.03524145033541304,,,
167271.00590969683,-0.016939423933235664,,,
164699.52290570905,-0.015373154420892488,,,
161427.8339730013,-0.01986459265325735,,,
161054.4352824461,-0.00231309980048211,,,
160257.69804053934,-0.004947005902131707,,,
162459.93619643498,0.01374185566635644,,,
162393.71246042656,-0.0004076311831635593,,,
161498.52845999613,-0.0055124301727418334,,,
162787.8404091256,0.007983428464791498,,,
162921.8293955421,0.0008230896489549444,,,
161712.5260362026,-0.007422598701635974,,,
161877.5256031643,0.0010203264459847095,,,
163436.24402282844,0.009628998305084346,,,
163830.43260655075,0.0024118798500243344,,,
163413.41119616776,-0.002545445334838914,,,
164187.38802030333,0.004736311533246607,,,
167135.72666178877,0.017957156618636505,,,
166116.80779743037,-0.006096355846289203,,,
167720.85571271967,0.009656144592215643,,,
168736.587942079,0.006056087807583932,,,
167815.86568618193,-0.005456565568417893,,,
169545.7870548772,0.010308449452152812,,,
168054.36415796174,-0.008796578923148002,,,
163664.5402920081,-0.02612145116224085,,,
163632.16353950065,-0.00019782386856492806,,,
165857.88680491524,0.013601991303362038,,,
165899.5058971788,0.0002509322472710185,,,
165826.0562892638,-0.0004427355435315805,,,
167883.34128763515,0.012406283092101456,,,
167771.25871321146,-0.0006676217757166647,,,
167674.1604886399,-0.0005787536275062566,,,
167078.82810278033,-0.0035505314839485713,,,
167961.9927674386,0.00528591608336515,,,
169121.96470224462,0.006906157254350509,,,
168549.155012886,-0.0033869621274036366,,,
167944.4251848524,-0.0035878544035854443,,,
167123.39606094567,-0.004888695310981905,,,
168663.63115667496,0.009216154841465762,,,
169452.38526283437,0.004676491907296354,,,
166525.37551945137,-0.017273346367140174,,,
167734.04632081205,0.007258177905862251,,,
169022.28439605903,0.007680242046883334,,,
168012.22974796096,-0.0059758667427027845,,,
167948.3000963847,-0.00038050594097926993,,,
166823.56423343296,-0.006696917219800702,,,
166331.1790130364,-0.0029515327924991563,,,
164747.73018258932,-0.009519855747087358,,,
164768.59454843868,0.0001266443296441544,,,
162585.4688169912,-0.013249647103141915,,,
164023.38464128657,0.008844061125252933,,,
162967.23318244386,-0.006439029783176786,,,
161951.21062071688,-0.0062345205345023524,,,
162655.78424806526,0.004350530166757904,,,
164694.62809100698,0.01253471465750211,,,
166160.66875568088,0.008901569417697042,,,
166147.15529870288,-8.132765159885036e-05,,,
163446.86640026738,-0.016252393208784577,,,
163900.00185296164,0.0027723716133203347,,,
160454.99239100982,-0.021018971464334846,,,
158055.49731493456,-0.014954318593141447,,,
160796.67058102827,0.017343106140951026,,,
158418.3405384744,-0.014790915968346363,,,
158981.31205971053,0.003553701669406051,,,
161052.80827313664,0.013029809520304525,,,
160338.96027121227,-0.004432384691571034,,,
163077.42550927188,0.017079225369975637,,,
163208.68718706496,0.0008049040348974135,,,
160742.75502882001,-0.015109074159873392,,,
160136.88613582845,-0.003769183207560034,,,
162592.6151883461,0.015335186737893025,,,
162413.24457338726,-0.0011031904170497597,,,
163784.89291219536,0.00844542169212259,,,
165588.3709610164,0.011011260054295091,,,
166007.28572641566,0.0025298561907942663,,,
167757.444998113,0.010542665426032327,,,
168850.06947930073,0.006513120661798544,,,
168119.17445011446,-0.004328662886785906,,,
168073.52487258438,-0.00027153105931776444,,,
167727.21415935786,-0.002060471531664887,,,
168897.8006200332,0.006979108706612003,,,
169732.61374551823,0.004942711642309083,,,
168727.02885749162,-0.005924523671887227,,,
170255.86566086282,0.009061007081814232,,,
170163.6570824061,-0.0005415882624589807,,,
170826.06220028485,0.0038927531838244267,,,
170167.40021540356,-0.0038557464616204573,,,
169055.4988565671,-0.006534161992420184,,,
169452.00389218162,0.0023454134192399945,,,
169435.59084341463,-9.685957315341831e-05,,,
169280.65893744276,-0.0009144000100607119,,,
167861.95977553652,-0.008380751651200224,,,
167246.5595764983,-0.0036661087470988285,,,
169254.5068739188,0.012005910928781116,,,
171102.77078522282,0.01092002774662193,,,
170234.01706078654,-0.00507737963826882,,,
168728.93625192053,-0.00884124592048241,,,
166739.53702505288,-0.011790504172309757,,,
167226.61783738545,0.002921207657301972,,,
168551.69410275124,0.007923835825312864,,,
167737.17152783752,-0.004832479312947058,,,
168589.59358699643,0.005081891219427481,,,
166604.51554254605,-0.011774617888416827,,,
166638.1367858158,0.00020180271321135201,,,
166256.2074475091,-0.002291968367346686,,,
165990.21655154906,-0.0015998855022842928,,,
165625.8857933935,-0.0021948929625162927,,,
166283.1126322094,0.00396814082332364,,,
167804.80474273537,0.00915121257016449,,,
167010.1767034009,-0.0047354307914646565,,,
165831.34960238636,-0.007058414788148393,,,
165105.96942872496,-0.004374204126063264,,,
163300.60862500235,-0.010934558029423447,,,
163114.17110889102,-0.0011416829225631142,,,
164534.65624792856,0.008708532982638628,,,
163850.25455546522,-0.00415962027739647,,,
164068.9638732912,0.0013348121943379532,,,
166022.78846346473,0.011908556890031008,,,
168513.09657055064,0.014999796896158824,,,
167128.4149106757,-0.008217056644586829,,,
167699.76026052306,0.003418600901305302,,,
168354.48904621616,0.0039041724608070982,,,
169103.31462629695,0.004447909790366467,,,
169466.69664018208,0.002148875760881186,,,
170652.68256105887,0.0069983421190709105,,,
171335.16045590825,0.00399922160382804,,,
170992.08042941056,-0.0020023912522378895,,,
174038.4683046261,0.017815958888652395,,,
172182.31133744883,-0.010665210888482157,,,
170994.66241011888,-0.0068976244894422,,,
170171.07184404854,-0.004816469440987681,,,
169572.65152948964,-0.003516580744742037,,,
169536.944038073,-0.0002105734096540246,,,
169135.25226806517,-0.002369346529672134,,,
169760.23206379835,0.0036951480389353364,,,
169692.00928847757,-0.000401877250586824,,,
171736.92963482652,0.012050775725523932,,,
171829.72779487993,0.000540350641243803,,,
171680.4063458755,-0.0008690082381012099,,,
170556.7379535067,-0.006545117269264877,,,
169335.91394925315,-0.0071578761349571085,,,
169014.1521430093,-0.0019001391892583541,,,
170693.15810169015,0.009934114613432854,,,
172887.2645300423,0.01285409709887153,,,
172547.91520664346,-0.001962835864870005,,,
172640.94596555937,0.0005391589855170409,,,
171617.563262667,-0.00592780986670749,,,
171884.28477096368,0.0015541620754073726,,,
173899.02451122514,0.01172148892463376,,,
174538.2550973477,0.0036758721788072712,,,
175458.45791860184,0.005272212792209352,,,
175767.50163994616,0.0017613498090112145,,,
176233.81777372773,0.002653028173187577,,,
175894.33383218155,-0.001926326886829699,,,
177606.83421009767,0.009735961020495454,,,
176915.4070691379,-0.0038930210317349445,,,
176997.76935420078,0.00046554614110405623,,,
177459.39952667715,0.002608112939279872,,,
176418.91804945702,-0.005863208598672842,,,
175203.28330307413,-0.006890614452368937,,,
175778.2941438883,0.0032819638420789055,,,
175371.3570057341,-0.00231505909268348,,,
175286.9954270069,-0.00048104536662985087,,,
175741.72980860432,0.0025942277148949255,,,
175762.79889005233,0.00011988661697470704,,,
174992.77191948646,-0.004381057740481031,,,
175730.54165513572,0.0042160011956877685,,,
175080.15153822262,-0.0037010647710257194,,,
173703.35754116555,-0.007863792582773144,,,
173608.968179013,-0.0005433939993368941,,,
170878.5441460338,-0.01572743655825315,,,
172096.53474727785,0.007127814713842273,,,
171959.58029854918,-0.0007958001532674119,,,
171224.36034905555,-0.004275539334401501,,,
171799.56789202287,0.0033593791315364996,,,
170568.3626822844,-0.0071665209921382145,,,
172135.75534979947,0.009189234409400004,,,
172386.70238144664,0.001457843730009678,,,
174119.91891963303,0.010054235705206693,,,
174910.80907873492,0.004542215296269081,,,
174760.9126238851,-0.0008569879451095774,,,
174046.360639072,-0.004088740291434245,,,
172400.32931631716,-0.009457430288751012,,,
171658.30055955247,-0.00430410289648131,,,
172085.14797136656,0.0024866109615597765,,,
173150.6647354449,0.006191799679631016,,,
172763.88686001045,-0.0022337648892392092,,,
173050.14015169404,0.0016569046742711535,,,
173376.77165647384,0.001887496331950178,,,
173988.89159739434,0.003530576415007536,,,
172804.10535644586,-0.006809551058524099,,,
172419.63267802322,-0.002224904770807279,,,
172254.45592919397,-0.0009579926964449204,,,
170473.34945476946,-0.010339973295997895,,,
169323.5229530258,-0.006744904733914092,,,
167891.54449305387,-0.00845705567069488,,,
167454.40163632485,-0.002603721694555583,,,
166959.01025884016,-0.0029583658156718817,,,
166179.19762058806,-0.004670683163748635,,,
168090.45573273694,0.011501187510319921,,,
166207.41984068527,-0.011202515240042454,,,
165319.08036300767,-0.0053447642622037606,,,
164532.1404934358,-0.004760127311644213,,,
164489.91001035197,-0.00025667011294683295,,,
164158.96787603584,-0.0020119296940177556,,,
165330.54780213494,0.007136862160243451,,,
167351.555603954,0.012224043461331657,,,
168317.24925058705,0.005770449178963188,,,
168355.87885747515,0.00022950474214677996,,,
167687.99537587535,-0.003967093315257575,,,
167923.23486052486,0.001402840341207634,,,
167746.7790437817,-0.001050812395852918,,,
168533.78360413646,0.004691622485039515,,,
166963.8295253956,-0.009315367193253654,,,
165573.64661475143,-0.008326251946878749,,,
164073.79317986814,-0.009058527522638138,,,
165093.72801594858,0.006216317769665469,,,
165442.81736699844,0.0021144919025399833,,,
164423.67781773797,-0.006160071289161628,,,
163735.74250903126,-0.004183918750858329,,,
162858.36077132198,-0.005358522972837676,,,
164135.2712374951,0.007840619665612891,,,
165612.27277856777,0.008998684621147168,,,
166982.99225793142,0.008276678149308214,,,
170004.16179476335,0.01809267815829574,,,
170397.01992336762,0.002310873595427365,,,
170203.37233613973,-0.0011364493775477547,,,
170777.9377456188,0.003375758080423674,,,
170507.19073387183,-0.0015853746410163794,,,
169970.6628871709,-0.0031466581813451855,,,
170540.8622431141,0.0033546927820224948,,,
172671.054967019,0.01249080540514802,,,
174020.92116038827,0.007817559194429613,,,
174021.75694715072,4.802794726366244e-06,,,
174824.71206446819,0.004614107634606457,,,
174390.7105651858,-0.002482495147038244,,,
175463.94924813852,0.006154219335849254,,,
175778.1827994272,0.0017908724420894195,,,
176319.9067544763,0.0030818611640062166,,,
176573.18042986316,0.0014364440184257976,,,
176324.24408840382,-0.0014098196614757974,,,
177268.99212172168,0.0053580155026451415,,,
177988.10351072974,0.004056611257282183,,,
179254.60328579368,0.007115642844003789,,,
179966.74286457186,0.003972782655086382,,,
180279.2090069062,0.0017362438046093498,,,
180667.73432640132,0.002155131041651215,,,
180509.87813433632,-0.0008737375971062944,,,
180737.47682946132,0.0012608655962618176,,,
181887.23605773013,0.006361487658443465,,,
182660.7320278781,0.004252612700665237,,,
182945.82712474788,0.0015607902897611936,,,
186412.3814592796,0.01894852913025402,,,
185878.28302708556,-0.002865144621902238,,,
187236.13595381842,0.007305064930769767,,,
187357.2871989174,0.0006470505518703096,,,
188310.99482310488,0.005090315078990937,,,
187166.9309976753,-0.006075395791436788,,,
187419.4216636401,0.001349013229093865,,,
187815.71101942932,0.002114451918971527,,,
188679.2413264489,0.0045977533100531875,,,
189264.5169637569,0.0031019609427800354,,,
189437.20878567614,0.000912436333495581,,,
188419.55900088354,-0.005371963572077032,,,
189086.09458677296,0.0035375074085928215,,,
188095.408946283,-0.005239336306855358,,,
187920.5132277551,-0.0009298244944290213,,,
187709.2349341191,-0.0011242960654322953,,,
188631.76989251396,0.004914702032207563,,,
188777.5398917081,0.0007727754411528398,,,
189378.95608147923,0.003185846102858214,,,
189486.79156916295,0.0005694164225793497,,,
187938.19249887587,-0.008172596398212995,,,
186507.02480972977,-0.007615097655867098,,,
186610.1297822629,0.0005528208529319567,,,
188644.82224921483,0.01090344060810633,,,
190395.35035037546,0.009279491905948234,,,
190575.71338095996,0.0009473079581647781,,,
191111.10504593787,0.0028093383751772727,,,
190654.18254199857,-0.002390873643001945,,,
191239.43544311798,0.0030697092154823302,,,
191467.6237647706,0.0011932074633240752,,,
192106.59047201186,0.0033372049784576863,,,
193059.123107967,0.004958354805083776,,,
191365.3214013368,-0.008773486999021252,,,
192538.84372540002,0.006132366697736424,,,
192864.43832041736,0.0016910592622116916,,,
191896.52718467332,-0.005018608636061739,,,
193444.72103749248,0.008067857587277905,,,
193843.74207827452,0.0020627135165125488,,,
193669.27525191917,-0.0009000384767896552,,,
193385.6264664052,-0.0014646039499296437,,,
193055.52243764448,-0.0017069729265429823,,,
192525.77616341025,-0.002744009948771775,,,
192911.8836108768,0.002005484435179339,,,
194283.67276102514,0.007110962396258413,,,
193679.99240122092,-0.0031072109726212327,,,
193550.74345825604,-0.0006673324454553597,,,
194799.51034979406,0.006451883724266638,,,
195945.0323105987,0.0058805176601710585,,,
195923.40974868007,-0.00011035014087190653,,,
195023.62852994713,-0.004592515105199202,,,
194710.78112715072,-0.001604151277230348,,,
195639.33252855,0.00476887512866031,,,
195169.48991089166,-0.0024015754479728146,,,
194917.41073546975,-0.001291591096215905,,,
194756.51376720483,-0.0008254622696751701,,,
194871.55295955218,0.0005906821298149456,,,
195264.3050196562,0.0020154407051169443,,,
194832.96407075046,-0.0022090107501333556,,,
194523.96753676634,-0.0015859561314885973,,,
196201.22266726135,0.008622357191938157,,,
196624.46473062772,0.0021571836179845594,,,
196747.3877045165,0.0006251662226122168,,,
194527.36931320722,-0.01128359780127497,,,
195233.57072099115,0.003630344718469347,,,
195219.5164911039,-7.198674815689365e-05,,,
196058.8358117594,0.004299361742829522,,,
198785.72118872695,0.013908505401846183,,,
198789.47122209438,1.886470187595357e-05,,,
197179.73048447393,-0.008097716281070033,,,
197117.3393373431,-0.0003164176509296013,,,
198086.66640289765,0.004917512933226398,,,
199643.58643014796,0.007859792158264822,,,
200207.70822374974,0.002825644458151144,,,
197514.5161068501,-0.013451990139609293,,,
196643.54002043186,-0.00440968139246567,,,
197167.01728380955,0.002662061836983254,,,
193584.06437205584,-0.01817217180192099,,,
194500.73038707738,0.004735234886172002,,,
194696.26892043208,0.0010053357278687614,,,
192796.3406137994,-0.009758421756963065,,,
192857.2240423548,0.00031579141160853474,,,
191418.22355693634,-0.007461480857478442,,,
191658.2260079257,0.0012538119230740552,,,
189639.43961508072,-0.010533262437488533,,,
189358.68117462072,-0.001480485499376405,,,
189158.63390609235,-0.0010564462494534466,,,
189120.30722423005,-0.00020261661374298967,,,
191081.55297711896,0.010370360442379933,,,
191680.90029196377,0.0031366047925964757,,,
191946.47296445613,0.0013854936620594227,,,
190512.95334414282,-0.007468330093144071,,,
189782.39595963547,-0.003834686154844613,,,
190885.37816358762,0.005811825687914496,,,
190845.4869289806,-0.00020898004336844522,,,
188755.74338994105,-0.010949923797868966,,,
190053.8798281889,0.006877334776330901,,,
192438.18777149796,0.012545431566377552,,,
192944.47195064212,0.002630892469977608,,,
192714.16681598095,-0.0011936342738033678,,,
192129.98829298158,-0.003031321114846719,,,
192914.7468242911,0.0040845187067457545,,,
195069.58699986537,0.011169909045558368,,,
195455.62504842397,0.001978976089998419,,,
195841.89629938715,0.001976260600673241,,,
196577.8183740363,0.003757735645717686,,,
197879.568659992,0.006622060905563609,,,
198602.45597820618,0.0036531680512013054,,,
198317.38162442562,-0.0014354019560153253,,,
197593.3402367973,-0.0036509224844422095,,,
196801.76810447525,-0.004006066861228286,,,
196330.5788059764,-0.0023942330551049995,,,
193475.5059889203,-0.014542170834618728,,,
193101.17015567335,-0.0019347970242207246,,,
190811.39555733826,-0.01185790120530672,,,
189138.93449859004,-0.008764995685206056,,,
190047.21716331659,0.004802198273636371,,,
193476.17843659013,0.01804268078456972,,,
192281.23176366003,-0.006176195346558999,,,
193915.81476766308,0.008501001314637824,,,
193485.30374234007,-0.002220092393386386,,,
193664.76053756307,0.0009274957412888085,,,
193673.78545992917,4.66007462640583e-05,,,
193406.23451391887,-0.0013814515236274527,,,
195096.22255483668,0.008738022562536418,,,
192246.07962064122,-0.014608908859803038,,,
191265.33020431487,-0.00510153142400438,,,
191504.1396399261,0.0012485767041843232,,,
193008.40759693584,0.00785501535286981,,,
193389.2527177697,0.001973204823435326,,,
195623.29370995823,0.011552043150240943,,,
195982.27631801288,0.0018350708714010011,,,
196522.76496696027,0.0027578445311573496,,,
194800.8324599872,-0.008762000205230991,,,
193624.84926269294,-0.006036848931514793,,,
192645.29672592966,-0.005059022850080086,,,
192798.29189705857,0.0007941806715716648,,,
192004.42163253072,-0.004117620839461211,,,
192822.63050694385,0.004261406416874447,,,
192555.89379221437,-0.0013833268119421982,,,
193569.60854026605,0.005264522046495079,,,
192953.07772270768,-0.0031850600009356578,,,
192491.96333601084,-0.002389774716936577,,,
194796.24108398796,0.011970773782149058,,,
195574.41421724943,0.00399480569507471,,,
197015.3461780983,0.007367691559327483,,,
197120.39042664517,0.0005331780015345178,,,
199504.9763522894,0.012097104315200724,,,
200437.6726032257,0.00467505256254519,,,
198910.0606197019,-0.007621381568063801,,,
196790.96618917628,-0.01065353066568675,,,
196667.29286386367,-0.0006284502165293526,,,
195651.7259898477,-0.0051638829173235035,,,
194549.30286657216,-0.00563461997433512,,,
196644.12712660898,0.010767575258151973,,,
199088.28476005365,0.012429344670288556,,,
198632.20506316813,-0.0022908414597835325,,,
199508.2997206005,0.00441063752553994,,,
199804.234184517,0.0014833190615675118,,,
195087.02973844504,-0.0236091315347986,,,
188601.56545659516,-0.033243954201081505,,,
188520.48554047217,-0.000429900546831008,,,
190446.13009611785,0.0102145109064673,,,
188857.51608252182,-0.00834154000816012,,,
191240.34791599185,0.012617087648387981,,,
191918.0296418371,0.0035436127011385654,,,
190949.90953571608,-0.005044445839339606,,,
192321.30449901446,0.007181961838226725,,,
196085.39798281284,0.019571900750172233,,,
196614.41757119558,0.002697904044997257,,,
197952.82364460413,0.006807263119063434,,,
198684.74787780998,0.003697468011468752,,,
199018.00905703747,0.0016773364980811056,,,
199428.78459095565,0.0020640118744250646,,,
198843.26665301726,-0.0029359750606681168,,,
200380.4655817354,0.007730706473458637,,,
200573.81133468272,0.0009648932214325612,,,
200004.27406445725,-0.0028395395512285093,,,
200526.2016880324,0.002609582350259876,,,
201121.61672310877,0.002969263019316992,,,
200957.80283821837,-0.000814501631199227,,,
198563.62579004504,-0.011913829741165949,,,
198669.58866233483,0.0005336469449939152,,,
197535.0784704273,-0.0057105377805748425,,,
196606.50999696934,-0.004700777606935214,,,
198099.3780050348,0.007593176889658881,,,
196930.05467323796,-0.005902710768567521,,,
197770.64475358825,0.004268470253283807,,,
199381.97338752556,0.00814746109537623,,,
201472.2944972996,0.010484002511657486,,,
202915.03641266067,0.00716099411564719,,,
202421.6587223756,-0.0024314496303847744,,,
204228.89738684232,0.008928089394551142,,,
203392.83520071878,-0.004093750673000551,,,
204548.57818665713,0.005682319068898378,,,
204936.88419401948,0.00189835593483334,,,
205339.71044607685,0.0019656112838917217,,,
205009.90886423833,-0.0016061266528625273,,,
205982.44864948944,0.004743867214219044,,,
206385.70988005094,0.0019577455904882246,,,
205998.51172290542,-0.0018760899549226107,,,
205028.14545033162,-0.004710549918336637,,,
204005.4850047295,-0.004987902726018012,,,
204902.52611501762,0.004397142117366748,,,
204864.36604468361,-0.00018623523612681936,,,
203845.71758614221,-0.004972306693489137,,,
204340.0977122991,0.0024252661866588365,,,
206256.35191997598,0.009377768872240067,,,
205839.8460118467,-0.002019360394247993,,,
207556.18826920426,0.008338241067566532,,,
208925.2368066553,0.006596038156546635,,,
208852.80686201018,-0.0003466787725225906,,,
211596.559152709,0.013137253609005306,,,
211511.15077231213,-0.00040363785091246385,,,
211705.63263414503,0.0009194875122318091,,,
209326.1061372716,-0.011239788319593602,,,
207948.8223545983,-0.006579608287224814,,,
206614.8229442154,-0.006415037100369392,,,
206696.16443972848,0.0003936866404548045,,,
205779.563607634,-0.004434532370637068,,,
205242.73069084264,-0.002608776631555787,,,
204520.5991497208,-0.0035184268826046194,,,
203331.50722706463,-0.005814044783751471,,,
204069.54128980983,0.0036297083162868393,,,
204439.07366118688,0.001810815906388763,,,
203423.5066463673,-0.004967577854039007,,,
209840.66156858447,0.03154578852763934,,,
210209.94348863373,0.0017598206052573673,,,
210408.55303893154,0.0009448152023718848,,,
211869.5358024336,0.006943552162690381,,,
212023.43775384597,0.0007263996252668825,,,
210240.74709343928,-0.008407988660557142,,,
211307.0565507985,0.005071849639524562,,,
209215.75720863862,-0.009896968782285409,,,
209083.34145095584,-0.0006329148408775742,,,
208460.86998604157,-0.002977145192890829,,,
209010.4770051407,0.0026364996900183346,,,
210089.789428456,0.005163915411229514,,,
212149.28852056383,0.009802947100431059,,,
215754.85733471246,0.016995432034169422,,,
216185.62663250888,0.001996568249344799,,,
216977.79727156964,0.003664307620262708,,,
217101.46358416913,0.0005699491568011972,,,
218045.436198839,0.0043480711695149665,,,
217092.0078681325,-0.004372613099946077,,,
216559.4359003972,-0.002453208540310725,,,
216427.4261323607,-0.0006095775392451763,,,
216099.01515109662,-0.0015174185043592692,,,
215518.34370853103,-0.0026870619570366072,,,
214147.36479640007,-0.0063613096154130355,,,
215212.92931170342,0.004975846965552977,,,
214712.4870820907,-0.0023253353374875774,,,
213981.08966770457,-0.0034064037184129425,,,
214124.8935342546,0.0006720400703321694,,,
212687.06325399107,-0.006714914163091001,,,
212709.03744695193,0.00010331701714560992,,,
208828.83135743206,-0.018241848753076884,,,
207036.9053094023,-0.008580836450512441,,,
209174.24776689333,0.010323485343334937,,,
209651.30656076118,0.002280676512337765,,,
210704.95797583,0.005025732643185066,,,
210919.1142348348,0.001016379780818255,,,
208731.11980352688,-0.010373618527867667,,,
208731.11980352688,-0.010373618527867667,,,
208731.11980352688,,0.13006009700927312,0.7828527343707415,-0.31721747180990345
